https://www.thegoodbookblog.com,/2011/feb/03/dont-gimme-no-theology/,
https://www.thegoodbookblog.com,/2011/feb/03/the-dangerless-fear/,
https://www.thegoodbookblog.com,/2011/feb/04/teaching-deeper-part-i/,
https://www.thegoodbookblog.com,/2011/feb/04/martin-luther-1483-1546/,
https://www.thegoodbookblog.com,/2011/feb/04/actually-praying/,
https://www.thegoodbookblog.com,/2011/feb/04/good-eye-bad-eye/,
https://www.thegoodbookblog.com,/2011/feb/07/why-might-latin-americans-be-best-suited-to-lead-t/,
https://www.thegoodbookblog.com,/2011/feb/09/theotechnos-some-reflections-on-the-intersection/,
https://www.thegoodbookblog.com,/2011/feb/10/why-did-i-study-with-the-rabbis/,
https://www.thegoodbookblog.com,/2011/feb/11/the-violence-of-truth/,
https://www.thegoodbookblog.com,/2011/feb/13/grammatical-categories/,
https://www.thegoodbookblog.com,/2011/feb/14/john-calvin-1509-64/,
https://www.thegoodbookblog.com,/2011/feb/15/the-theological-necessity-of-an-historical-interpr/,
https://www.thegoodbookblog.com,/2011/feb/15/reading-john/,
https://www.thegoodbookblog.com,/2011/feb/15/archaeologist-james-hoffmeier-to-speak-at-biola/,
https://www.thegoodbookblog.com,/2011/feb/15/living-lake-or-stagnant-pond/,
https://www.thegoodbookblog.com,/2011/feb/15/teaching-our-children-through-prayer/,
https://www.thegoodbookblog.com,/2011/feb/17/can-we-speak-their-language-youth-ministry-as-buil/,
https://www.thegoodbookblog.com,/2011/feb/18/holy-conference-a-kinde-of-paradise/,
https://www.thegoodbookblog.com,/2011/feb/21/of-whom-the-world-is-not-worthy-hebrews-1138/,
https://www.thegoodbookblog.com,/2011/feb/22/the-myth-of-the-self-made-man/,
https://www.thegoodbookblog.com,/2011/feb/22/prayer-from-psalm-1/,
https://www.thegoodbookblog.com,/2011/feb/22/making-a-case-in-the-church-for-expository-preachi/,
https://www.thegoodbookblog.com,/2011/feb/23/the-fear-factor/,
https://www.thegoodbookblog.com,/2011/feb/27/the-power-of-a-pure-life/,
https://www.thegoodbookblog.com,/2011/mar/01/prayer-from-psalm-2/,
https://www.thegoodbookblog.com,/2011/mar/03/birds-of-a-feather/,
https://www.thegoodbookblog.com,/2011/mar/04/should-students-at-christian-colleges-go-to-church/,
https://www.thegoodbookblog.com,/2011/mar/04/elder-leadership-spirit-led-decision-making/,
https://www.thegoodbookblog.com,/2011/mar/04/the-allure-of-toxic-leaders/,
https://www.thegoodbookblog.com,/2011/mar/07/all-you-need-is-love/,
https://www.thegoodbookblog.com,/2011/mar/07/the-marriage-blueprint/,
https://www.thegoodbookblog.com,/2011/mar/08/hello-my-name-is-yhwh/,
https://www.thegoodbookblog.com,/2011/mar/09/godly-wisdom-for-christian-conversation/,
https://www.thegoodbookblog.com,/2011/mar/11/commitmentwhat-is-the-meaning-of-for-better-or-for/,
https://www.thegoodbookblog.com,/2011/mar/13/ideas-not-without-consequence/,
https://www.thegoodbookblog.com,/2011/mar/14/prayer-from-psalm-3/,
https://www.thegoodbookblog.com,/2011/mar/14/soldiers-in-the-gospels/,
https://www.thegoodbookblog.com,/2011/mar/15/on-spiritual-warfare/,
https://www.thegoodbookblog.com,/2011/mar/16/3-elements-needed-for-an-effective-mentoring-relat/,
https://www.thegoodbookblog.com,/2011/mar/17/what-makes-a-beautiful-soul/,
https://www.thegoodbookblog.com,/2011/mar/18/the-road-to-more-and-the-city-of-enough/,
https://www.thegoodbookblog.com,/2011/mar/19/marriage-the-power-of-communication/,
https://www.thegoodbookblog.com,/2011/mar/21/leading-as-a-team-of-pastors/,
https://www.thegoodbookblog.com,/2011/mar/23/teaching-deeper-part-ii/,
https://www.thegoodbookblog.com,/2011/mar/25/in-the-beginning-the-importance-of-the-prologue-to/,
https://www.thegoodbookblog.com,/2011/mar/25/the-perfect-storms-handling-conflict-in-marriage/,
https://www.thegoodbookblog.com,/2011/mar/28/shame-removed-honor-received-part-1/,
https://www.thegoodbookblog.com,/2011/mar/30/a-lesson-on-humility-learned-in-seminary/,
https://www.thegoodbookblog.com,/2011/mar/31/dr-seuss-and-revelation/,
https://www.thegoodbookblog.com,/2011/apr/01/the-most-important-book-on-new-testament-canon-for/,
https://www.thegoodbookblog.com,/2011/apr/06/can-you-dig-it/,
https://www.thegoodbookblog.com,/2011/apr/07/lessons-on-leadership-from-the-pastoral-epistles-p/,
https://www.thegoodbookblog.com,/2011/apr/08/teaching-us-to-lament/,
https://www.thegoodbookblog.com,/2011/apr/08/the-deep-things-of-god/,
https://www.thegoodbookblog.com,/2011/apr/08/is-your-church-healthy-or-fit/,
https://www.thegoodbookblog.com,/2011/apr/11/justification-and-the-new-perspective/,
https://www.thegoodbookblog.com,/2011/apr/11/knowing-gods-will-for-your-life/,
https://www.thegoodbookblog.com,/2011/apr/13/prayer-from-psalm-4/,
https://www.thegoodbookblog.com,/2011/apr/13/how-i-learned-to-love-gods-word-some-graveside-ref/,
https://www.thegoodbookblog.com,/2011/apr/14/coaching-students-for-ministry/,
https://www.thegoodbookblog.com,/2011/apr/15/the-rule-of-four/,
https://www.thegoodbookblog.com,/2011/apr/19/jesus-the-shame-bearer/,
https://www.thegoodbookblog.com,/2011/apr/19/inertial-atheism/,
https://www.thegoodbookblog.com,/2011/apr/21/god-the-author-of-reconciliation/,
https://www.thegoodbookblog.com,/2011/apr/26/teaching-deeper-part-iii/,
https://www.thegoodbookblog.com,/2011/apr/29/what-being-a-theology-professor-has-taught-me-abou/,
https://www.thegoodbookblog.com,/2011/apr/30/a-defense-of-calvinism/,
https://www.thegoodbookblog.com,/2011/may/02/shame-removed-honor-received-part-2/,
https://www.thegoodbookblog.com,/2011/may/02/generous-charis/,
https://www.thegoodbookblog.com,/2011/may/03/why-evil-part-1-of-3/,
https://www.thegoodbookblog.com,/2011/may/03/yet-this-i-call-to-mind/,
https://www.thegoodbookblog.com,/2011/may/03/christianity-and-polytheism/,
https://www.thegoodbookblog.com,/2011/may/04/praying-big-prayers/,
https://www.thegoodbookblog.com,/2011/may/05/youth-ministry-in-a-family-ministry-context/,
https://www.thegoodbookblog.com,/2011/may/08/justice-or-missions/,
https://www.thegoodbookblog.com,/2011/may/09/handling-heroes-in-hebrews-11/,
https://www.thegoodbookblog.com,/2011/may/10/humility-in-seminary-part-2/,
https://www.thegoodbookblog.com,/2011/may/11/a-day-conference-on-missional-ethics-3-june-2011/,
https://www.thegoodbookblog.com,/2011/may/13/avoid-every-appearance-of-evil-toppling-a-faulty-m/,
https://www.thegoodbookblog.com,/2011/may/16/teaching-deeper-part-iv/,
https://www.thegoodbookblog.com,/2011/may/17/lessons-on-leadership-from-the-pastoral-epistles-p/,
https://www.thegoodbookblog.com,/2011/may/21/weighing-in-on-rob-bell-love-wins/,
https://www.thegoodbookblog.com,/2011/jun/03/why-evil-part-2-of-3/,
https://www.thegoodbookblog.com,/2011/jun/07/jingles-jesus-bartimaeus/,
https://www.thegoodbookblog.com,/2011/jun/07/a-talk-and-panel-discussion-on-heaven-hell-and-the/,
https://www.thegoodbookblog.com,/2011/jun/13/introducing-ecclesial-theology/,
https://www.thegoodbookblog.com,/2011/jun/14/looking-around-you-evaluating-your-youth-ministry/,
https://www.thegoodbookblog.com,/2011/jun/15/teaching-deeper-part-v/,
https://www.thegoodbookblog.com,/2011/jun/16/the-book-of-ruth/,
https://www.thegoodbookblog.com,/2011/jun/16/a-laymans-guide-to-the-law-part-i/,
https://www.thegoodbookblog.com,/2011/jun/17/shame-removed-honor-received-part-3-jesus-interact/,
https://www.thegoodbookblog.com,/2011/jun/21/lessons-on-leadership-from-the-pastoral-epistles-p/,
https://www.thegoodbookblog.com,/2011/jun/25/does-god-feel-distant/,
https://www.thegoodbookblog.com,/2011/jul/01/lifes-biggest-questions/,
https://www.thegoodbookblog.com,/2011/jul/03/why-evil-part-3-of-3/,
https://www.thegoodbookblog.com,/2011/jul/05/the-long-good-bye-of-dementia/,
https://www.thegoodbookblog.com,/2011/jul/06/this-momentary-marriage/,
https://www.thegoodbookblog.com,/2011/jul/07/the-wingfeather-saga/,
https://www.thegoodbookblog.com,/2011/jul/14/the-millennium-is-not-heaven-responding-to-an-amil/,
https://www.thegoodbookblog.com,/2011/jul/18/revealed-to-whom-john-321/,
https://www.thegoodbookblog.com,/2011/jul/18/the-tale-of-two-daughters-mark-5/,
https://www.thegoodbookblog.com,/2011/jul/20/teaching-deeper-part-vi/,
https://www.thegoodbookblog.com,/2011/jul/28/scripture-and-extra-biblical-sources/,
https://www.thegoodbookblog.com,/2011/aug/01/praying-during-ramadan/,
https://www.thegoodbookblog.com,/2011/aug/10/applications-for-the-parable-of-the-prodigal-son/,
https://www.thegoodbookblog.com,/2011/aug/11/vacation-is-over/,
https://www.thegoodbookblog.com,/2011/aug/11/reading-less-conservative-or-contrary-theologians/,
https://www.thegoodbookblog.com,/2011/aug/12/on-eschatological-arguments/,
https://www.thegoodbookblog.com,/2011/aug/12/so-you-think-youre-a-christian/,
https://www.thegoodbookblog.com,/2011/aug/12/do-you-have-green-hair/,
https://www.thegoodbookblog.com,/2011/aug/19/rembrandt-and-the-humanity-of-christ/,
https://www.thegoodbookblog.com,/2011/aug/20/commands-are-like-bricks/,
https://www.thegoodbookblog.com,/2011/aug/23/a-free-bible-resource-for-children/,
https://www.thegoodbookblog.com,/2011/aug/23/teaching-deeper-part-vii/,
https://www.thegoodbookblog.com,/2011/aug/23/donkeys-in-the-biblical-world/,
https://www.thegoodbookblog.com,/2011/aug/26/youre-taking-that-out-of-context/,
https://www.thegoodbookblog.com,/2011/aug/27/dont-read-the-bible-by-itself/,
https://www.thegoodbookblog.com,/2011/aug/29/walking-in-the-spirit/,
https://www.thegoodbookblog.com,/2011/sep/03/calvin-and-conviction/,
https://www.thegoodbookblog.com,/2011/sep/07/7-reasons-in-support-of-consecutive-exposition-of-/,
https://www.thegoodbookblog.com,/2011/sep/07/a-political-musings/,
https://www.thegoodbookblog.com,/2011/sep/10/a-few-reflections-on-september-11/,
https://www.thegoodbookblog.com,/2011/sep/12/are-you-a-savvy-spender/,
https://www.thegoodbookblog.com,/2011/sep/13/podcast-sermons-do-ya-really-gotta-luv-em/,
https://www.thegoodbookblog.com,/2011/sep/16/the-eclipse-of-ecclesiology-by-the-church/,
https://www.thegoodbookblog.com,/2011/sep/18/imitating-god-our-rescuer/,
https://www.thegoodbookblog.com,/2011/sep/20/teaching-deeper-part-vii-how-to-pray-for-your-teac/,
https://www.thegoodbookblog.com,/2011/sep/22/four-thoughts-on-christian-prayer/,
https://www.thegoodbookblog.com,/2011/sep/26/illogic-at-midnight/,
https://www.thegoodbookblog.com,/2011/sep/27/reading-divine-providence/,
https://www.thegoodbookblog.com,/2011/sep/29/the-trellises-out-back/,
https://www.thegoodbookblog.com,/2011/sep/29/lessons-on-leadership-pt-4-plurality-vs-singularit/,
https://www.thegoodbookblog.com,/2011/oct/03/how-to-plant-flags/,
https://www.thegoodbookblog.com,/2011/oct/06/apprenticed-leadership-development/,
https://www.thegoodbookblog.com,/2011/oct/06/sacred-space-and-art-in-the-early-church/,
https://www.thegoodbookblog.com,/2011/oct/12/when-things-go-wrong/,
https://www.thegoodbookblog.com,/2011/oct/13/a-letter-to-my-daughter-on-her-wedding-day/,
https://www.thegoodbookblog.com,/2011/oct/22/the-theological-interpretation-of-scripture/,
https://www.thegoodbookblog.com,/2011/oct/29/teaching-deeper-part-viii-slowing-down-to-go-deepe/,
https://www.thegoodbookblog.com,/2011/oct/31/just-skating-by-skateboarding-as-sanctuary-in-a-fa/,
https://www.thegoodbookblog.com,/2011/nov/02/dialogues-in-the-gospel-of-john/,
https://www.thegoodbookblog.com,/2011/nov/02/what-is-the-meaning-of-husband-of-one-wife-in-1-ti/,
https://www.thegoodbookblog.com,/2011/nov/02/you-can-be-a-renewed-life-journey-guide/,
https://www.thegoodbookblog.com,/2011/nov/07/thanksgiving-then-and-now/,
https://www.thegoodbookblog.com,/2011/nov/08/no-pain-no-gain/,
https://www.thegoodbookblog.com,/2011/nov/11/zeus-vs-madonna/,
https://www.thegoodbookblog.com,/2011/nov/15/a-short-story-reluctant-inquiry/,
https://www.thegoodbookblog.com,/2011/nov/16/worthy-of-celebration/,
https://www.thegoodbookblog.com,/2011/nov/16/54-chrysler/,
https://www.thegoodbookblog.com,/2011/nov/17/lessons-on-leadership-pt-5-abusing-biblical-power/,
https://www.thegoodbookblog.com,/2011/nov/23/thinking-in-circles-about-the-bible/,
https://www.thegoodbookblog.com,/2011/nov/28/a-parable-of-the-spiritual-heart/,
https://www.thegoodbookblog.com,/2011/dec/05/may-i-have-your-attention-please/,
https://www.thegoodbookblog.com,/2011/dec/06/my-professor-is-wise/,
https://www.thegoodbookblog.com,/2011/dec/08/keeping-holiday/,
https://www.thegoodbookblog.com,/2011/dec/09/justification-a-parable-of-the-parable-of-the-phar/,
https://www.thegoodbookblog.com,/2011/dec/14/blessings-a-meditation-on-a-common-valediction/,
https://www.thegoodbookblog.com,/2011/dec/16/understanding-biblical-theology/,
https://www.thegoodbookblog.com,/2011/dec/21/the-night-before-christmas-in-the-middle-east/,
https://www.thegoodbookblog.com,/2011/dec/23/god-the-master-craftsman-a-christmas-meditation/,
https://www.thegoodbookblog.com,/2012/jan/05/ministry-in-wood/,
https://www.thegoodbookblog.com,/2012/jan/12/biblical-mandate-for-youth-ministry-part-1/,
https://www.thegoodbookblog.com,/2012/jan/17/billings-union-with-christ/,
https://www.thegoodbookblog.com,/2012/jan/23/billings-on-adoption/,
https://www.thegoodbookblog.com,/2012/jan/25/can-you-dig-it-2012-edition/,
https://www.thegoodbookblog.com,/2012/jan/26/union-with-christ-and-tulip/,
https://www.thegoodbookblog.com,/2012/jan/28/the-easiest-way-to-memorize-the-bible-what-i-learn/,
https://www.thegoodbookblog.com,/2012/jan/31/a-lords-supper-meditation/,
https://www.thegoodbookblog.com,/2012/feb/09/does-a-theological-education-matter/,
https://www.thegoodbookblog.com,/2012/feb/09/biblical-justice-and-mercy-social-justice-and-gosp/,
https://www.thegoodbookblog.com,/2012/feb/09/union-with-christ-and-social-justice/,
https://www.thegoodbookblog.com,/2012/feb/13/encomium-to-a-hammond-b3/,
https://www.thegoodbookblog.com,/2012/feb/13/with-you-always/,
https://www.thegoodbookblog.com,/2012/feb/15/biblical-mandate-for-youth-ministry-part-2/,
https://www.thegoodbookblog.com,/2012/feb/16/st-francis-didnt-say-it/,
https://www.thegoodbookblog.com,/2012/feb/16/patristic-vs-modern-trinitarianism/,
https://www.thegoodbookblog.com,/2012/feb/20/lessons-on-leadership-pt-6-the-self-awareness-of-a/,
https://www.thegoodbookblog.com,/2012/feb/22/images-the-gagging-of-god/,
https://www.thegoodbookblog.com,/2012/feb/23/bavinck-on-scripture-tradition-and-theological-for/,
https://www.thegoodbookblog.com,/2012/feb/24/presence/,
https://www.thegoodbookblog.com,/2012/feb/24/an-analogy-for-thinking-about-the-incarnation/,
https://www.thegoodbookblog.com,/2012/feb/28/six-favorite-movies-about-jesus/,
https://www.thegoodbookblog.com,/2012/feb/28/the-blessing-of-shalom-and-the-vandalism-of-shalom/,
https://www.thegoodbookblog.com,/2012/mar/01/who-were-the-gnostics/,
https://www.thegoodbookblog.com,/2012/mar/05/biblical-mandate-for-youth-ministry-part-3-youth-m/,
https://www.thegoodbookblog.com,/2012/mar/06/what-is-systematic-theology-really/,
https://www.thegoodbookblog.com,/2012/mar/07/prayer-and-productivity/,
https://www.thegoodbookblog.com,/2012/mar/09/more-than-a-personal-savior/,
https://www.thegoodbookblog.com,/2012/mar/13/an-important-supplement-to-church-history/,
https://www.thegoodbookblog.com,/2012/mar/14/godly-leadership-in-the-home/,
https://www.thegoodbookblog.com,/2012/mar/19/the-horror-and-splendor-of-human-sacrifice/,
https://www.thegoodbookblog.com,/2012/mar/20/family-phone-contract-for-junior-high-daughter/,
https://www.thegoodbookblog.com,/2012/mar/21/praying-without-pitfalls/,
https://www.thegoodbookblog.com,/2012/mar/23/who-blinked/,
https://www.thegoodbookblog.com,/2012/mar/28/whos-your-daddy/,
https://www.thegoodbookblog.com,/2012/apr/04/a-key-insight-about-romans-7-from-a-conversation-w/,
https://www.thegoodbookblog.com,/2012/apr/04/waiting/,
https://www.thegoodbookblog.com,/2012/apr/04/thoughts-on-ezekiel-38/,
https://www.thegoodbookblog.com,/2012/apr/06/a-simple-good-friday-blog/,
https://www.thegoodbookblog.com,/2012/apr/10/sanctification-by-revisitation/,
https://www.thegoodbookblog.com,/2012/apr/13/weakness-strength-what-is-that-all-about/,
https://www.thegoodbookblog.com,/2012/apr/14/paul-is-talking-about-himself-why-i-take-an-autobi/,
https://www.thegoodbookblog.com,/2012/apr/17/worship-attendance-growth-rates/,
https://www.thegoodbookblog.com,/2012/apr/18/museum-of-biblical-sacred-writings-comes-to-biola/,
https://www.thegoodbookblog.com,/2012/apr/22/a-time-to-mourn/,
https://www.thegoodbookblog.com,/2012/apr/24/defining-a-multi-ethnic-churchwhat-sounds-like-a-s/,
https://www.thegoodbookblog.com,/2012/apr/27/book-on-biblical-theology/,
https://www.thegoodbookblog.com,/2012/apr/27/paul-is-not-talking-about-himself-why-i-take-the-p/,
https://www.thegoodbookblog.com,/2012/may/01/sermon-preparation/,
https://www.thegoodbookblog.com,/2012/may/04/the-futility-of-footnotes/,
https://www.thegoodbookblog.com,/2012/may/07/mission-passion/,
https://www.thegoodbookblog.com,/2012/may/08/turnaround-church-leaders/,
https://www.thegoodbookblog.com,/2012/may/09/hidden-agendas-in-worship-leading/,
https://www.thegoodbookblog.com,/2012/may/14/a-book-worth-reading-trellis-and-the-vine/,
https://www.thegoodbookblog.com,/2012/may/14/blind-spots/,
https://www.thegoodbookblog.com,/2012/may/15/converts-who-stay-in-a-church/,
https://www.thegoodbookblog.com,/2012/may/15/seven-brief-thoughts-on-the-doctrine-of-scripture/,
https://www.thegoodbookblog.com,/2012/may/16/raising-daughters/,
https://www.thegoodbookblog.com,/2012/may/17/wheres-the-gift/,
https://www.thegoodbookblog.com,/2012/may/22/finding-receptive-people/,
https://www.thegoodbookblog.com,/2012/may/23/everybody-can-learn/,
https://www.thegoodbookblog.com,/2012/may/29/lok-out-the-immigrants-are-here/,
https://www.thegoodbookblog.com,/2012/may/30/how-to-keep-up-reading-writing-and-networking/,
https://www.thegoodbookblog.com,/2012/jun/04/new-creation-in-christ/,
https://www.thegoodbookblog.com,/2012/jun/05/missional-or-attractional-a-perspective/,
https://www.thegoodbookblog.com,/2012/jun/06/my-favorite-quote-from-jim-elliot/,
https://www.thegoodbookblog.com,/2012/jun/11/something-dad-taught-me/,
https://www.thegoodbookblog.com,/2012/jun/12/adapting-to-culture-appropriately/,
https://www.thegoodbookblog.com,/2012/jun/14/the-benefits-of-disciplines-of-abstinence/,
https://www.thegoodbookblog.com,/2012/jun/14/how-much-should-we-value-the-apostolic-fathers/,
https://www.thegoodbookblog.com,/2012/jun/18/priceless-quotes-from-ignatius-of-antioch/,
https://www.thegoodbookblog.com,/2012/jun/18/where-should-theology-begin/,
https://www.thegoodbookblog.com,/2012/jun/25/a-truly-rockin-prayer-from-clement-of-rome/,
https://www.thegoodbookblog.com,/2012/jun/30/jesus-politics-ramping-up-for-november-2012/,
https://www.thegoodbookblog.com,/2012/jul/02/polycarp-of-smyrna-tells-us-who-he-thinks-wrote-1-/,
https://www.thegoodbookblog.com,/2012/jul/05/jesus-politics-part-2/,
https://www.thegoodbookblog.com,/2012/jul/07/introverts-and-the-church/,
https://www.thegoodbookblog.com,/2012/jul/09/taking-issue-with-the-angelic-visitations-in-the-s/,
https://www.thegoodbookblog.com,/2012/jul/12/digging-dan/,
https://www.thegoodbookblog.com,/2012/jul/16/the-so-called-epistle-of-barnabas-and-the-problem-/,
https://www.thegoodbookblog.com,/2012/jul/18/building-a-better-small-group/,
https://www.thegoodbookblog.com,/2012/jul/23/how-christianity-is-distinct-in-to-diognetus-apost/,
https://www.thegoodbookblog.com,/2012/jul/25/signs-of-life/,
https://www.thegoodbookblog.com,/2012/jul/30/thumbnails-for-remembering-the-apostolic-fathers-a/,
https://www.thegoodbookblog.com,/2012/aug/07/just-say-no-to-sin/,
https://www.thegoodbookblog.com,/2012/aug/08/reading-the-bible/,
https://www.thegoodbookblog.com,/2012/aug/15/psalms-study-resources/,
https://www.thegoodbookblog.com,/2012/aug/16/from-the-mouth-of-babes/,
https://www.thegoodbookblog.com,/2012/aug/17/spiritual-gifts-anthropocentrism-bluefin-tuna/,
https://www.thegoodbookblog.com,/2012/aug/21/the-god-who-triumphs-over-us-2-corinthians-214/,
https://www.thegoodbookblog.com,/2012/aug/24/hidden-sins-part-one/,
https://www.thegoodbookblog.com,/2012/aug/29/something-about-the-book-of-romans-that-will-help-/,
https://www.thegoodbookblog.com,/2012/sep/01/the-son-of-god-counter-cultural-then-and-now/,
https://www.thegoodbookblog.com,/2012/sep/02/transformed-in-christ-christology-and-the-christia/,
https://www.thegoodbookblog.com,/2012/sep/04/when-a-pastor-cant-find-a-friend/,
https://www.thegoodbookblog.com,/2012/sep/06/414-window/,
https://www.thegoodbookblog.com,/2012/sep/07/four-aspects-of-a-vision-for-talbot-school-of-theo/,
https://www.thegoodbookblog.com,/2012/sep/11/in-the-form-of-god-phil-26/,
https://www.thegoodbookblog.com,/2012/sep/13/jesus-es-nuestra-esperanza/,
https://www.thegoodbookblog.com,/2012/sep/13/modesty/,
https://www.thegoodbookblog.com,/2012/sep/15/a-day-in-the-city-of-david/,
https://www.thegoodbookblog.com,/2012/sep/19/did-jesus-have-a-wife-a-new-gnostic-fragment/,
https://www.thegoodbookblog.com,/2012/sep/19/the-gift-of-a-loss-a-parable/,
https://www.thegoodbookblog.com,/2012/sep/25/mormons-just-believe-christians-too/,
https://www.thegoodbookblog.com,/2012/sep/27/lord-we-havent-any-idea-where-you-are-going/,
https://www.thegoodbookblog.com,/2012/sep/28/does-the-passage-belong-in-the-bible-the-woman-cau/,
https://www.thegoodbookblog.com,/2012/sep/28/jesus-wife-papyrus-an-update/,
https://www.thegoodbookblog.com,/2012/sep/28/dining-with-jesus/,
https://www.thegoodbookblog.com,/2012/oct/01/ensenamos-lo-que-somos/,
https://www.thegoodbookblog.com,/2012/oct/02/weeds-in-the-flower-bed/,
https://www.thegoodbookblog.com,/2012/oct/11/christ-and-creation-care-the-survival-of-humanity-/,
https://www.thegoodbookblog.com,/2012/oct/12/who-is-your-target-audience/,
https://www.thegoodbookblog.com,/2012/oct/15/children-of-god-john-113/,
https://www.thegoodbookblog.com,/2012/oct/15/henri-nouwen-and-being-the-beloved/,
https://www.thegoodbookblog.com,/2012/oct/18/every-question-paul-asks-in-romans/,
https://www.thegoodbookblog.com,/2012/oct/19/pictures-of-jesus/,
https://www.thegoodbookblog.com,/2012/oct/22/halloween-meditation/,
https://www.thegoodbookblog.com,/2012/oct/23/the-why-of-internships-for-ministry-preparation/,
https://www.thegoodbookblog.com,/2012/oct/24/necesitamos-al-espiritu-santo/,
https://www.thegoodbookblog.com,/2012/oct/30/the-shortest-verse-in-the-new-testament/,
https://www.thegoodbookblog.com,/2012/nov/01/going-into-exile/,
https://www.thegoodbookblog.com,/2012/nov/01/religion-in-america/,
https://www.thegoodbookblog.com,/2012/nov/05/a-year-of-devotions-in-greek/,
https://www.thegoodbookblog.com,/2012/nov/07/transform-world-2012-and-your-transformation/,
https://www.thegoodbookblog.com,/2012/nov/08/the-confessions-of-a-formerly-busy-person/,
https://www.thegoodbookblog.com,/2012/nov/12/el-poderoso-dios-siempre-esta-en-control/,
https://www.thegoodbookblog.com,/2012/nov/20/the-son-of-god-translation-controversy-and-a-few-h/,
https://www.thegoodbookblog.com,/2012/nov/20/god-has-dealt-bountifully-with-me/,
https://www.thegoodbookblog.com,/2012/nov/26/new-book/,
https://www.thegoodbookblog.com,/2012/nov/30/strange-fire/,
https://www.thegoodbookblog.com,/2012/dec/01/in-christ-ness/,
https://www.thegoodbookblog.com,/2012/dec/05/a-great-outreach-resource-for-the-christmas-season/,
https://www.thegoodbookblog.com,/2012/dec/10/three-wise-women/,
https://www.thegoodbookblog.com,/2012/dec/13/wisdom-zeal-a-letter-from-john-newton-to-charles-s/,
https://www.thegoodbookblog.com,/2012/dec/14/la-navidad-la-llegada-del-principe-de-paz/,
https://www.thegoodbookblog.com,/2012/dec/17/a-teachers-response-to-the-newtown-conn-tragedy/,
https://www.thegoodbookblog.com,/2012/dec/19/the-christmas-story-that-didnt-happen/,
https://www.thegoodbookblog.com,/2012/dec/21/o-little-town-of-newtown/,
https://www.thegoodbookblog.com,/2012/dec/23/how-to-teach-your-new-pet-rock-everything-it-needs/,
https://www.thegoodbookblog.com,/2013/jan/02/practicing-the-presence-of-godlike-nehemiah/,
https://www.thegoodbookblog.com,/2013/jan/04/jesus-at-disneyland/,
https://www.thegoodbookblog.com,/2013/jan/15/dont-call-me-maybe/,
https://www.thegoodbookblog.com,/2013/jan/22/why-an-asian-american-doctor-of-ministry-program/,
https://www.thegoodbookblog.com,/2013/jan/22/eves-deception/,
https://www.thegoodbookblog.com,/2013/jan/24/under-the-banyan-with-bunyan-on-hell/,
https://www.thegoodbookblog.com,/2013/jan/25/take-heed-how-you-read/,
https://www.thegoodbookblog.com,/2013/jan/25/recommended-books-from-2012/,
https://www.thegoodbookblog.com,/2013/jan/25/what-spiritual-gifts-really-are/,
https://www.thegoodbookblog.com,/2013/jan/31/living-for-gods-kingdom/,
https://www.thegoodbookblog.com,/2013/feb/01/the-anti-trinity/,
https://www.thegoodbookblog.com,/2013/feb/14/are-you-ready-to-be-a-missionary-a-checklist/,
https://www.thegoodbookblog.com,/2013/feb/18/amos-part-one/,
https://www.thegoodbookblog.com,/2013/feb/20/amos-part-two/,
https://www.thegoodbookblog.com,/2013/feb/26/nosotros-amamos-a-dios-porque-el-nos-amo-primero/,
https://www.thegoodbookblog.com,/2013/mar/06/a-handy-way-to-demonstrate-the-stability-of-the-gr/,
https://www.thegoodbookblog.com,/2013/mar/06/matching-aspects-for-a-ministry-team/,
https://www.thegoodbookblog.com,/2013/mar/07/the-gospelkey-to-enduring-transformation/,
https://www.thegoodbookblog.com,/2013/mar/21/looking-back-on-transitions/,
https://www.thegoodbookblog.com,/2013/mar/21/for-and-against-the-majority-text-approach-to-text/,
https://www.thegoodbookblog.com,/2013/mar/26/what-god-is-doing-in-this-world-and-prayer/,
https://www.thegoodbookblog.com,/2013/mar/26/lessons-from-the-fog/,
https://www.thegoodbookblog.com,/2013/mar/28/bunnies-malted-milk-balls-and-the-crucifixion/,
https://www.thegoodbookblog.com,/2013/mar/28/la-reflexion-por-el-pecado-y-la-celebracion-de-la-/,
https://www.thegoodbookblog.com,/2013/mar/28/two-wills-in-jesus/,
https://www.thegoodbookblog.com,/2013/mar/29/resume-red-flags-how-to-read-a-ministry-resume-for/,
https://www.thegoodbookblog.com,/2013/apr/02/an-ancient-word-for-righteousness/,
https://www.thegoodbookblog.com,/2013/apr/04/the-secret-to-becoming-irrelevant-spend-all-your-t/,
https://www.thegoodbookblog.com,/2013/apr/11/a-gospel-parable-of-the-kite/,
https://www.thegoodbookblog.com,/2013/apr/16/origins-today-event-with-dr-john-walton/,
https://www.thegoodbookblog.com,/2013/apr/16/great-expectations/,
https://www.thegoodbookblog.com,/2013/apr/23/nurturing-the-spiritual-lives-of-our-children/,
https://www.thegoodbookblog.com,/2013/apr/29/why-god/,
https://www.thegoodbookblog.com,/2013/apr/30/praying-without-asking/,
https://www.thegoodbookblog.com,/2013/may/03/the-value-of-office-hours/,
https://www.thegoodbookblog.com,/2013/may/03/the-last-ten-minutes/,
https://www.thegoodbookblog.com,/2013/may/08/some-reflections-on-1-cor-214/,
https://www.thegoodbookblog.com,/2013/may/09/a-talbot-tribute-to-dallas-willard/,
https://www.thegoodbookblog.com,/2013/may/12/advertising-for-a-growing-church/,
https://www.thegoodbookblog.com,/2013/may/15/two-questions-to-ask-when-sharing-christ-with-musl/,
https://www.thegoodbookblog.com,/2013/may/19/the-information-age/,
https://www.thegoodbookblog.com,/2013/may/21/dios-esta-en-control/,
https://www.thegoodbookblog.com,/2013/may/21/undying-love-my-eulogy-for-dad/,
https://www.thegoodbookblog.com,/2013/may/21/no-stone-left-unturned-solving-a-minor-mystery/,
https://www.thegoodbookblog.com,/2013/may/28/two-questions-to-ask-your-muslim-friend-question-2/,
https://www.thegoodbookblog.com,/2013/may/28/simple-living/,
https://www.thegoodbookblog.com,/2013/may/30/the-heart-of-biblical-theology-a-review/,
https://www.thegoodbookblog.com,/2013/may/30/a-few-questions-about-the-doctrine-of-hell-1-of-4/,
https://www.thegoodbookblog.com,/2013/jun/03/a-few-questions-about-the-doctrine-of-hell-2-of-4/,
https://www.thegoodbookblog.com,/2013/jun/05/a-few-questions-about-the-doctrine-of-hell-3-of-4/,
https://www.thegoodbookblog.com,/2013/jun/07/a-few-questions-about-the-doctrine-of-hell-4-of-4/,
https://www.thegoodbookblog.com,/2013/jun/14/long-pastoral-tenure-can-hurt-your-church/,
https://www.thegoodbookblog.com,/2013/jun/17/women-and-men-are-different/,
https://www.thegoodbookblog.com,/2013/jun/18/a-primer-on-the-new-perspective-on-paul/,
https://www.thegoodbookblog.com,/2013/jun/24/top-factors-in-growing-churches/,
https://www.thegoodbookblog.com,/2013/jun/25/what-are-we-to-do-with-cheating-in-sports-and-life/,
https://www.thegoodbookblog.com,/2013/jun/28/what-are-we-to-do-with-cheating-in-sports-and-life/,
https://www.thegoodbookblog.com,/2013/jul/08/how-does-mission-relate-to-spiritual-formation/,
https://www.thegoodbookblog.com,/2013/jul/17/a-woman-for-all-seasons/,
https://www.thegoodbookblog.com,/2013/jul/24/dios-es-suficiente/,
https://www.thegoodbookblog.com,/2013/jul/24/all-we-need-is-love-but-which-sort/,
https://www.thegoodbookblog.com,/2013/jul/29/baker-illustrated-bible-dictionary/,
https://www.thegoodbookblog.com,/2013/aug/02/a-few-notes-on-blended-worship-services/,
https://www.thegoodbookblog.com,/2013/aug/04/a-response-to-zealot-by-reza-aslan/,
https://www.thegoodbookblog.com,/2013/aug/07/true-communion/,
https://www.thegoodbookblog.com,/2013/aug/10/jesus-is-worthy-and-he-has-the-right-to-send-our-c/,
https://www.thegoodbookblog.com,/2013/aug/23/the-logic-of-the-logos-mirroring-the-mind-of-chris/,
https://www.thegoodbookblog.com,/2013/aug/26/the-cyrus-cylinder-in-socal/,
https://www.thegoodbookblog.com,/2013/sep/04/every-bible-translation-does-what/,
https://www.thegoodbookblog.com,/2013/sep/10/book-announcement-embracing-shared-ministry/,
https://www.thegoodbookblog.com,/2013/sep/18/i-am-here-for-the-church/,
https://www.thegoodbookblog.com,/2013/sep/19/what-am-i-preaching-on-sunday/,
https://www.thegoodbookblog.com,/2013/sep/24/why-a-commentary/,
https://www.thegoodbookblog.com,/2013/sep/30/teach-the-text-commentary-series/,
https://www.thegoodbookblog.com,/2013/oct/01/a-few-things-christian-families-should-know-before/,
https://www.thegoodbookblog.com,/2013/oct/03/antonio-del-corro-el-gran-legado-para-nuestros-tie/,
https://www.thegoodbookblog.com,/2013/oct/03/pastor-chuck-smith-1927-2013/,
https://www.thegoodbookblog.com,/2013/oct/09/theology-of-the-body-and-sexual-harm/,
https://www.thegoodbookblog.com,/2013/oct/14/minding-the-heart-an-interview-with-robert-saucy/,
https://www.thegoodbookblog.com,/2013/oct/15/wisdom-calls/,
https://www.thegoodbookblog.com,/2013/oct/16/are-you-busy/,
https://www.thegoodbookblog.com,/2013/oct/16/how-to-invite-and-host-a-guest-speaker-for-a-retre/,
https://www.thegoodbookblog.com,/2013/oct/22/review-the-letter-of-james-new-international-comme/,
https://www.thegoodbookblog.com,/2013/oct/23/ecclesiastes-and-song-of-songs-an-interview-with-e/,
https://www.thegoodbookblog.com,/2013/oct/23/the-secret-to-cs-lewis-success-doing-theology-as-i/,
https://www.thegoodbookblog.com,/2013/oct/24/i-ran-across-a-wedding-today/,
https://www.thegoodbookblog.com,/2013/oct/28/canaanization-israels-problem-and-ours/,
https://www.thegoodbookblog.com,/2013/nov/01/why-we-want-a-divine-warrior/,
https://www.thegoodbookblog.com,/2013/nov/02/el-dia-de-la-reforma-reformation-day/,
https://www.thegoodbookblog.com,/2013/nov/07/interview-with-brett-mccracken-a-real-biola-asset/,
https://www.thegoodbookblog.com,/2013/nov/11/lessons-from-the-foundry/,
https://www.thegoodbookblog.com,/2013/nov/12/the-simplicity-of-moms-faith-in-christ/,
https://www.thegoodbookblog.com,/2013/nov/13/why-you-should-be-informed-with-8-tips-to-become-i/,
https://www.thegoodbookblog.com,/2013/nov/14/the-relative-importance-of-theological-doctrines/,
https://www.thegoodbookblog.com,/2013/nov/18/seek-the-welfare-of-the-city-the-biblical-argument/,
https://www.thegoodbookblog.com,/2013/nov/19/book-review-the-aleppo-codex-by-matti-friedman/,
https://www.thegoodbookblog.com,/2013/nov/20/women-in-jesus-genealogy/,
https://www.thegoodbookblog.com,/2013/nov/21/the-sacrifice-of-thanksgiving/,
https://www.thegoodbookblog.com,/2013/nov/25/doing-the-right-thing-an-interview-with-scott-rae/,
https://www.thegoodbookblog.com,/2013/nov/26/how-to-invite-and-host-a-guest-speaker-for-a-retre/,
https://www.thegoodbookblog.com,/2013/nov/27/ser-agradecidos-be-thankful/,
https://www.thegoodbookblog.com,/2013/dec/02/when-god-changes-our-plans/,
https://www.thegoodbookblog.com,/2013/dec/05/you-cant-go-back/,
https://www.thegoodbookblog.com,/2013/dec/09/into-him-and-in-him-in-ephesians-1-should-we-leave/,
https://www.thegoodbookblog.com,/2013/dec/10/talbot-and-inerrancy/,
https://www.thegoodbookblog.com,/2013/dec/11/the-incarnation-and-the-mind-of-christ-part-1/,
https://www.thegoodbookblog.com,/2013/dec/16/pastors-seminary-students-and-economics/,
https://www.thegoodbookblog.com,/2013/dec/17/giving-jesus-the-god-card/,
https://www.thegoodbookblog.com,/2013/dec/18/the-incarnation-ad-the-mind-of-christ-part-two/,
https://www.thegoodbookblog.com,/2013/dec/19/does-a-denial-of-a-historical-adam-impact-other-ch/,
https://www.thegoodbookblog.com,/2013/dec/23/pastors-seminary-students-and-economics-part-two/,
https://www.thegoodbookblog.com,/2013/dec/24/a-review-of-the-poverty-of-the-nations-a-sustainab/,
https://www.thegoodbookblog.com,/2013/dec/25/la-navidad-ha-llegado-bendito-sea-el-senor-the-lor/,
https://www.thegoodbookblog.com,/2014/jan/06/exponential-mentoring/,
https://www.thegoodbookblog.com,/2014/jan/07/wright-on/,
https://www.thegoodbookblog.com,/2014/jan/08/the-season-of-epiphany/,
https://www.thegoodbookblog.com,/2014/jan/09/a-commentary-for-the-hard-questions/,
https://www.thegoodbookblog.com,/2014/jan/13/deo-volente-o-el-hombre-propone-y-dios-dispone-man/,
https://www.thegoodbookblog.com,/2014/jan/14/thoughts-on-the-old-testament-and-economics/,
https://www.thegoodbookblog.com,/2014/jan/15/aint-that-a-shame-understanding-an-older-concept-i/,
https://www.thegoodbookblog.com,/2014/jan/16/wright-on-part-two/,
https://www.thegoodbookblog.com,/2014/jan/20/the-story-of-charles-lee-feinberg-talbots-first-de/,
https://www.thegoodbookblog.com,/2014/jan/21/identifying-who-to-personally-disciple/,
https://www.thegoodbookblog.com,/2014/jan/27/biblical-characteristics-of-good-disciplers-audio-/,
https://www.thegoodbookblog.com,/2014/feb/03/a-leaders-heart-part-one/,
https://www.thegoodbookblog.com,/2014/feb/04/a-leaders-heart-part-two/,
https://www.thegoodbookblog.com,/2014/feb/05/what-does-the-fox-say/,
https://www.thegoodbookblog.com,/2014/feb/06/taste-and-see-theology-and-food-part-one/,
https://www.thegoodbookblog.com,/2014/feb/10/taste-and-see-theology-and-food-part-2/,
https://www.thegoodbookblog.com,/2014/feb/11/taste-and-see-theology-and-food-part-three/,
https://www.thegoodbookblog.com,/2014/feb/12/a-give-away-church/,
https://www.thegoodbookblog.com,/2014/feb/13/tunneling-through-the-barriers-to-prayer/,
https://www.thegoodbookblog.com,/2014/feb/14/weekly-qa-with-dr-william-lane-craig/,
https://www.thegoodbookblog.com,/2014/feb/17/aint-that-a-shame-part-2-learning-important-lesson/,
https://www.thegoodbookblog.com,/2014/feb/18/the-parable-of-the-workout/,
https://www.thegoodbookblog.com,/2014/feb/19/is-the-bible-wrong-about-camels-in-genesis/,
https://www.thegoodbookblog.com,/2014/feb/21/how-can-people-be-so-morally-obtuse/,
https://www.thegoodbookblog.com,/2014/feb/24/la-comunicacion-en-el-matrimonio/,
https://www.thegoodbookblog.com,/2014/feb/25/let-the-one-who-has-no-sword-buy-one-the-biblical-/,
https://www.thegoodbookblog.com,/2014/feb/26/closing-the-sunday-monday-gap-recognizing-the-impo/,
https://www.thegoodbookblog.com,/2014/feb/27/reducing-the-intrusion-of-email/,
https://www.thegoodbookblog.com,/2014/feb/28/is-god-made-of-energy/,
https://www.thegoodbookblog.com,/2014/mar/03/how-many-herods-are-there-in-the-bible/,
https://www.thegoodbookblog.com,/2014/mar/04/does-yhwhs-election-of-israel-result-in-the-reject/,
https://www.thegoodbookblog.com,/2014/mar/05/loving-commitment-creates-infectious-love/,
https://www.thegoodbookblog.com,/2014/mar/06/why-every-church-will-always-need-a-womens-ministr/,
https://www.thegoodbookblog.com,/2014/mar/07/moral-duty-without-the-ten-commandments/,
https://www.thegoodbookblog.com,/2014/mar/10/there-arose-a-king/,
https://www.thegoodbookblog.com,/2014/mar/11/christian-theological-slogans/,
https://www.thegoodbookblog.com,/2014/mar/14/theological-arguments-in-support-of-an-infinite-pa/,
https://www.thegoodbookblog.com,/2014/mar/17/pre-marital-counseling-asian-american-style-part-1/,
https://www.thegoodbookblog.com,/2014/mar/18/the-story-of-the-old-testament-an-interview-with-d/,
https://www.thegoodbookblog.com,/2014/mar/19/that-you-may-stand-firm-in-the-fear/,
https://www.thegoodbookblog.com,/2014/mar/20/are-you-an-anticipator-or-an-avoider/,
https://www.thegoodbookblog.com,/2014/mar/21/is-the-argument-from-fine-tuning-presumptuous/,
https://www.thegoodbookblog.com,/2014/mar/24/thoughts-on-the-new-testament-and-economics/,
https://www.thegoodbookblog.com,/2014/mar/28/new-evidence-for-inflation/,
https://www.thegoodbookblog.com,/2014/mar/31/what-is-meant-by-these-ten-times-in-numbers-1420-2/,
https://www.thegoodbookblog.com,/2014/apr/01/que-piensan-hacer-usted-y-su-iglesia-durante-la-cu/,
https://www.thegoodbookblog.com,/2014/apr/02/skills-vs-character-which-is-more-important-in-min/,
https://www.thegoodbookblog.com,/2014/apr/03/critical-issues-in-ministry-with-children-what-sho/,
https://www.thegoodbookblog.com,/2014/apr/04/can-moral-values-be-based-in-god/,
https://www.thegoodbookblog.com,/2014/apr/07/women-of-the-resurrection/,
https://www.thegoodbookblog.com,/2014/apr/11/can-moral-values-be-based-in-god/,
https://www.thegoodbookblog.com,/2014/apr/14/the-meaning-of-head-part-one/,
https://www.thegoodbookblog.com,/2014/apr/15/pre-marital-counseling-asian-american-style-part-t/,
https://www.thegoodbookblog.com,/2014/apr/16/to-hope-from-despair/,
https://www.thegoodbookblog.com,/2014/apr/17/blood-moons-and-the-end-of-the-world/,
https://www.thegoodbookblog.com,/2014/apr/18/jesus-predictions-of-his-own-resurrection/,
https://www.thegoodbookblog.com,/2014/apr/21/workbooks-in-the-history-of-redemption-an-intervie/,
https://www.thegoodbookblog.com,/2014/apr/23/update-on-biolas-extension-site-in-ukraine/,
https://www.thegoodbookblog.com,/2014/apr/25/grounds-for-scepticism-concerning-jesus-burial-and/,
https://www.thegoodbookblog.com,/2014/apr/29/kyiv/,
https://www.thegoodbookblog.com,/2014/may/01/why-every-church-will-always-need-a-womens-ministr/,
https://www.thegoodbookblog.com,/2014/may/02/discounting-historical-jesus-scholarship/,
https://www.thegoodbookblog.com,/2014/may/05/run-through-the-finish-line-doing-ministry-well/,
https://www.thegoodbookblog.com,/2014/may/05/a-psalm-for-south-korea/,
https://www.thegoodbookblog.com,/2014/may/06/alabad-al-senor-praise-the-lord/,
https://www.thegoodbookblog.com,/2014/may/09/some-reflections-on-the-sean-carroll-debate/,
https://www.thegoodbookblog.com,/2014/may/13/remembering-heaven/,
https://www.thegoodbookblog.com,/2014/may/14/every-day/,
https://www.thegoodbookblog.com,/2014/may/15/a-hill-to-die-on-how-biblical-backgrounds-helps-ma/,
https://www.thegoodbookblog.com,/2014/may/16/further-reflections-on-the-sean-carroll-debate/,
https://www.thegoodbookblog.com,/2014/may/19/when-the-church-was-a-familyeven-fromtown-to-town/,
https://www.thegoodbookblog.com,/2014/may/20/barriers-to-evangelism/,
https://www.thegoodbookblog.com,/2014/may/21/pre-marital-counseling-asian-american-style-part-t/,
https://www.thegoodbookblog.com,/2014/may/22/jesus-radical-ways/,
https://www.thegoodbookblog.com,/2014/may/23/still-more-reflections-on-the-sean-carroll-debate/,
https://www.thegoodbookblog.com,/2014/may/26/why-every-church-will-always-need-a-womens-ministr/,
https://www.thegoodbookblog.com,/2014/may/27/did-yhwh-condemn-the-nations-when-he-elected-israe/,
https://www.thegoodbookblog.com,/2014/may/30/human-insignificance/,
https://www.thegoodbookblog.com,/2014/jun/03/windows-to-the-ancient-world-of-the-hebrew-bible/,
https://www.thegoodbookblog.com,/2014/jun/04/whats-the-purpose-of-a-christian-business-can-you-/,
https://www.thegoodbookblog.com,/2014/jun/05/a-fathers-view-of-adoption/,
https://www.thegoodbookblog.com,/2014/jun/06/the-coherence-of-theism/,
https://www.thegoodbookblog.com,/2014/jun/09/when-the-bible-arrests-me/,
https://www.thegoodbookblog.com,/2014/jun/13/gospel-authorshipwho-cares/,
https://www.thegoodbookblog.com,/2014/jun/17/some-life-lessons-from-mom-dad-part-one/,
https://www.thegoodbookblog.com,/2014/jun/20/god-evil-and-the-rules-of-logic/,
https://www.thegoodbookblog.com,/2014/jun/24/these-were-my-thoughts-on-the-night-i-thought-i-wo/,
https://www.thegoodbookblog.com,/2014/jun/26/did-yhwh-condemn-the-nations-when-he-elected-israe/,
https://www.thegoodbookblog.com,/2014/jun/27/fregean-abstract-objects-and-god/,
https://www.thegoodbookblog.com,/2014/jun/30/pre-marital-counseling-asian-american-style-part-f/,
https://www.thegoodbookblog.com,/2014/jul/01/critical-issues-in-ministry-with-children-part-two/,
https://www.thegoodbookblog.com,/2014/jul/02/wealth-and-following-jesus/,
https://www.thegoodbookblog.com,/2014/jul/04/questions-on-the-origin-of-the-universe/,
https://www.thegoodbookblog.com,/2014/jul/07/some-life-lessons-from-mom-dad-part-two/,
https://www.thegoodbookblog.com,/2014/jul/08/what-a-difference-a-century-and-a-half-can-make/,
https://www.thegoodbookblog.com,/2014/jul/11/why-dont-i-quote-more-women-philosophers-or-theolo/,
https://www.thegoodbookblog.com,/2014/jul/14/youre-giving-a-toast-not-making-a-roast/,
https://www.thegoodbookblog.com,/2014/jul/16/what-is-a-leader/,
https://www.thegoodbookblog.com,/2014/jul/18/necessity-and-the-argument-from-contingency/,
https://www.thegoodbookblog.com,/2014/jul/22/a-short-book-review-of-one-of-the-longest-books-iv/,
https://www.thegoodbookblog.com,/2014/jul/23/some-life-lessons-from-mom-dad-part-three/,
https://www.thegoodbookblog.com,/2014/jul/24/some-thoughts-on-work/,
https://www.thegoodbookblog.com,/2014/jul/25/anti-platonism-and-moral-realism/,
https://www.thegoodbookblog.com,/2014/jul/29/the-importance-of-spiritual-formation-in-childrens/,
https://www.thegoodbookblog.com,/2014/jul/30/reflexiones-sobre-el-matrimonio-en-nuestro-anivers/,
https://www.thegoodbookblog.com,/2014/jul/31/everything-i-ever-learned-about-leadership-i-learn/,
https://www.thegoodbookblog.com,/2014/aug/01/bizarro-ontological-arguments/,
https://www.thegoodbookblog.com,/2014/aug/06/how-can-you-discern-whether-an-overseer-is-free-fr/,
https://www.thegoodbookblog.com,/2014/aug/07/israel-and-palestine-conflict-summer-2014/,
https://www.thegoodbookblog.com,/2014/aug/08/indefeasibility-and-openness-to-evidence/,
https://www.thegoodbookblog.com,/2014/aug/15/questions-about-leibnizs-cosmological-argument/,
https://www.thegoodbookblog.com,/2014/aug/18/the-morality-of-the-current-conflict-in-israel/,
https://www.thegoodbookblog.com,/2014/aug/21/jars-of-clay/,
https://www.thegoodbookblog.com,/2014/aug/22/the-reality-of-time/,
https://www.thegoodbookblog.com,/2014/aug/26/59-important-questions-you-must-ask-a-missions-age/,
https://www.thegoodbookblog.com,/2014/aug/27/is-it-reasonable-to-base-my-life-on-a-3500-year-ol/,
https://www.thegoodbookblog.com,/2014/aug/28/non-israelite-followers-of-yhwh-in-the-old-testame/,
https://www.thegoodbookblog.com,/2014/aug/29/what-was-herod-thinking/,
https://www.thegoodbookblog.com,/2014/sep/02/religious-language-and-everyday-discourse/,
https://www.thegoodbookblog.com,/2014/sep/04/when-the-group-comes-first/,
https://www.thegoodbookblog.com,/2014/sep/05/theistic-ethics-and-mind-dependence/,
https://www.thegoodbookblog.com,/2014/sep/10/passing-on-our-faith-one-generation-to-another/,
https://www.thegoodbookblog.com,/2014/sep/11/a-canonical-approach-to-the-catholic-epistles/,
https://www.thegoodbookblog.com,/2014/sep/12/why-god-the-father-and-god-the-son/,
https://www.thegoodbookblog.com,/2014/sep/15/a-theology-of-inequality-through-jonathan-edwards/,
https://www.thegoodbookblog.com,/2014/sep/16/my-13-year-old-daughters-baptism-testimony/,
https://www.thegoodbookblog.com,/2014/sep/17/lets-appreciate-our-pastors/,
https://www.thegoodbookblog.com,/2014/sep/18/giving-thanks-spiritual-formation-assignment-1/,
https://www.thegoodbookblog.com,/2014/sep/19/if-isiss-god-were-real-would-i-be-obliged-to-follo/,
https://www.thegoodbookblog.com,/2014/sep/23/teaching-naked-in-the-church/,
https://www.thegoodbookblog.com,/2014/sep/26/is-the-theistic-anti-realist-in-a-predicament/,
https://www.thegoodbookblog.com,/2014/sep/30/a-womans-worth/,
https://www.thegoodbookblog.com,/2014/oct/03/does-quantum-mechanics-indicate-an-eternal-univers/,
https://www.thegoodbookblog.com,/2014/oct/06/a-review-on-left-behind/,
https://www.thegoodbookblog.com,/2014/oct/07/achieving-bible-fluency-using-music-visuals-and-a-/,
https://www.thegoodbookblog.com,/2014/oct/08/efesios-4-y-la-descripcion-sobre-como-debe-funcion/,
https://www.thegoodbookblog.com,/2014/oct/10/does-the-atonement-imply-universalism/,
https://www.thegoodbookblog.com,/2014/oct/13/teaching-bible-fluency-using-classes-and-videos/,
https://www.thegoodbookblog.com,/2014/oct/14/como-disentir-sin-ofender-how-can-we-kindly-disagr/,
https://www.thegoodbookblog.com,/2014/oct/15/shepherds-sheep-and-talking-heads/,
https://www.thegoodbookblog.com,/2014/oct/16/snatched-up-for-a-meeting/,
https://www.thegoodbookblog.com,/2014/oct/17/gods-timelessness-sans-creation/,
https://www.thegoodbookblog.com,/2014/oct/21/sharing-the-material-resources-of-home-to-embody-t/,
https://www.thegoodbookblog.com,/2014/oct/23/working-on-a-doctorate-my-personal-story/,
https://www.thegoodbookblog.com,/2014/oct/24/does-the-holy-spirit-exist/,
https://www.thegoodbookblog.com,/2014/oct/27/a-global-partnership-sometimes-with-our-very-own-t/,
https://www.thegoodbookblog.com,/2014/oct/28/stewardship-spiritual-formation-assignment-part-2/,
https://www.thegoodbookblog.com,/2014/oct/29/what-person-led-you-to-faith-in-christ/,
https://www.thegoodbookblog.com,/2014/oct/30/biola-and-talbot-at-the-evangelical-theological-so/,
https://www.thegoodbookblog.com,/2014/oct/31/is-the-universe-hostile-to-life/,
https://www.thegoodbookblog.com,/2014/nov/05/beloved-dust-an-interview-with-kyle-strobel/,
https://www.thegoodbookblog.com,/2014/nov/06/funny-biblical-passages/,
https://www.thegoodbookblog.com,/2014/nov/07/anti-realism-and-truth/,
https://www.thegoodbookblog.com,/2014/nov/11/when-the-church-was-a-family-ets-plenary-address/,
https://www.thegoodbookblog.com,/2014/nov/12/skull-of-john-the-baptist-found-in-new-york-city-p/,
https://www.thegoodbookblog.com,/2014/nov/14/god-of-the-gaps/,
https://www.thegoodbookblog.com,/2014/nov/17/reflexiones-del-pasado-y-presente-sobre-la-reforma/,
https://www.thegoodbookblog.com,/2014/nov/18/christmas-in-november/,
https://www.thegoodbookblog.com,/2014/nov/19/the-call-of-an-under-shepherd/,
https://www.thegoodbookblog.com,/2014/nov/21/evolution-without-god/,
https://www.thegoodbookblog.com,/2014/nov/24/adjustable-seating/,
https://www.thegoodbookblog.com,/2014/nov/28/fine-tuning-and-the-prior-probability-of-theism/,
https://www.thegoodbookblog.com,/2014/dec/02/thriving-in-ministry-20-20-hindsight/,
https://www.thegoodbookblog.com,/2014/dec/03/spurgeon-comments-on-whitefields-preaching/,
https://www.thegoodbookblog.com,/2014/dec/04/christians-against-the-law/,
https://www.thegoodbookblog.com,/2014/dec/05/faith-and-works/,
https://www.thegoodbookblog.com,/2014/dec/08/the-authority-of-the-bible-part-two/,
https://www.thegoodbookblog.com,/2014/dec/11/the-christian-torture-and-intercessory-prayer-the-/,
https://www.thegoodbookblog.com,/2014/dec/12/letter-from-a-grieving-father/,
https://www.thegoodbookblog.com,/2014/dec/15/what-are-you-waiting-for/,
https://www.thegoodbookblog.com,/2014/dec/17/a-christmas-mother/,
https://www.thegoodbookblog.com,/2014/dec/18/why-you-shouldnt-tell-your-children-that-santa-cla/,
https://www.thegoodbookblog.com,/2014/dec/19/finding-meaning-in-life/,
https://www.thegoodbookblog.com,/2014/dec/22/identity-with-christ-spiritual-formation-assignmen/,
https://www.thegoodbookblog.com,/2014/dec/24/what-did-you-sign-up-for/,
https://www.thegoodbookblog.com,/2014/dec/29/jarheads-for-jesus-10-reasons-culture-war-is-a-rea/,
https://www.thegoodbookblog.com,/2015/jan/01/epiphany-gods-answer-to-our-deepest-questions-audi/,
https://www.thegoodbookblog.com,/2015/jan/08/the-one-year-rule/,
https://www.thegoodbookblog.com,/2015/jan/09/panentheism/,
https://www.thegoodbookblog.com,/2015/jan/10/newsweeks-assault-on-bible-believing-christians-a-/,
https://www.thegoodbookblog.com,/2015/jan/13/teaching-naked-in-the-church-idea-1-using-technolo/,
https://www.thegoodbookblog.com,/2015/jan/14/what-are-some-of-the-unique-challenges-of-doing-mi/,
https://www.thegoodbookblog.com,/2015/jan/16/ockhams-razor/,
https://www.thegoodbookblog.com,/2015/jan/19/what-can-the-church-do-to-better-engage-and-love-t/,
https://www.thegoodbookblog.com,/2015/jan/20/mensajeros-de-paz-y-reconciliacion/,
https://www.thegoodbookblog.com,/2015/jan/21/the-difference-of-one-word/,
https://www.thegoodbookblog.com,/2015/jan/22/why-is-a-seminary-education-valuable-for-equipping/,
https://www.thegoodbookblog.com,/2015/jan/23/divine-concurrence/,
https://www.thegoodbookblog.com,/2015/jan/26/what-is-the-most-valuable-thing-from-your-talbot-e/,
https://www.thegoodbookblog.com,/2015/jan/27/visits-to-heaven-and-hell/,
https://www.thegoodbookblog.com,/2015/jan/28/visits-to-heaven-and-hell-part-two/,
https://www.thegoodbookblog.com,/2015/jan/29/the-authority-of-the-bible-part-three/,
https://www.thegoodbookblog.com,/2015/jan/30/is-the-applicability-of-mathematics-necessary/,
https://www.thegoodbookblog.com,/2015/feb/02/what-are-the-challenges-and-opportunities-of-bi-vo/,
https://www.thegoodbookblog.com,/2015/feb/03/on-the-objectivity-of-morality/,
https://www.thegoodbookblog.com,/2015/feb/04/the-mind-of-christ-today/,
https://www.thegoodbookblog.com,/2015/feb/05/ask-god-for-what-paul-weighs-in-on-the-content-of-/,
https://www.thegoodbookblog.com,/2015/feb/06/youve-ruined-my-life-professor-craig/,
https://www.thegoodbookblog.com,/2015/feb/09/how-do-you-measure-the-health-of-a-church/,
https://www.thegoodbookblog.com,/2015/feb/11/psychology-of-ministry/,
https://www.thegoodbookblog.com,/2015/feb/12/quien-puede-tener-acceso-a-dios-salmo-15-psalm-15/,
https://www.thegoodbookblog.com,/2015/feb/13/what-is-the-point-of-prayer/,
https://www.thegoodbookblog.com,/2015/feb/16/how-can-you-motivate-church-attendees-to-get-more-/,
https://www.thegoodbookblog.com,/2015/feb/18/salvation-in-james-gift-and-responsibility-part-on/,
https://www.thegoodbookblog.com,/2015/feb/20/indonesia-air-asia-qz8501-and-the-problem-of-evil/,
https://www.thegoodbookblog.com,/2015/feb/23/how-can-pastors-respond-to-church-shopping-mentali/,
https://www.thegoodbookblog.com,/2015/feb/24/church-report-spiritual-formation-assignment-part-/,
https://www.thegoodbookblog.com,/2015/feb/25/salvation-in-james-gift-and-responsibility-part-tw/,
https://www.thegoodbookblog.com,/2015/feb/27/incarnation-and-omniscience/,
https://www.thegoodbookblog.com,/2015/mar/02/to-what-extent-should-pastors-be-culturally-savvy-/,
https://www.thegoodbookblog.com,/2015/mar/03/prayer-for-benjamin-netanyahus-speech-before-the-u/,
https://www.thegoodbookblog.com,/2015/mar/04/salvation-in-james-gift-and-responsibility-part-th/,
https://www.thegoodbookblog.com,/2015/mar/05/have-we-been-sold-a-homiletical-bill-of-goods-part/,
https://www.thegoodbookblog.com,/2015/mar/06/married-to-someone-who-finds-my-studies-an-annoyan/,
https://www.thegoodbookblog.com,/2015/mar/09/an-orientation-to-four-pervading-themes-of-the-chr/,
https://www.thegoodbookblog.com,/2015/mar/10/should-you-pray-to-the-holy-spirit/,
https://www.thegoodbookblog.com,/2015/mar/11/have-we-been-sold-a-homiletical-bill-of-goods-alli/,
https://www.thegoodbookblog.com,/2015/mar/12/idolatry-breaks-hearts-exodus-203-and-the-secret-t/,
https://www.thegoodbookblog.com,/2015/mar/13/what-to-do-now-that-im-convinced/,
https://www.thegoodbookblog.com,/2015/mar/13/a-tribute-to-dr-robert-saucy/,
https://www.thegoodbookblog.com,/2015/mar/16/mi-papa-cinco-anos-ya-de-su-partida-my-dad-five-ye/,
https://www.thegoodbookblog.com,/2015/mar/16/my-dad-five-years-after-he-passed-away/,
https://www.thegoodbookblog.com,/2015/mar/17/have-we-been-sold-a-homiletical-bill-of-goods-usin/,
https://www.thegoodbookblog.com,/2015/mar/18/a-helpful-ecclesiology/,
https://www.thegoodbookblog.com,/2015/mar/19/memorial-service-for-dr-robert-l-saucy/,
https://www.thegoodbookblog.com,/2015/mar/20/is-worship-of-jesus-idolatry/,
https://www.thegoodbookblog.com,/2015/mar/26/how-i-remember-my-father/,
https://www.thegoodbookblog.com,/2015/mar/27/reject-jesus-for-judaism/,
https://www.thegoodbookblog.com,/2015/mar/28/bible-fluency-giveaway/,
https://www.thegoodbookblog.com,/2015/mar/30/chronology-of-easter-in-john-and-the-synoptic-gosp/,
https://www.thegoodbookblog.com,/2015/mar/30/reflections-on-dr-robert-l-saucys-54-year-career-a/,
https://www.thegoodbookblog.com,/2015/apr/01/chronology-of-easter-part-2/,
https://www.thegoodbookblog.com,/2015/apr/02/he-is-risen-and-so-have-you/,
https://www.thegoodbookblog.com,/2015/apr/03/plantingas-evolutionary-argument-against-naturalis/,
https://www.thegoodbookblog.com,/2015/apr/06/an-interview-with-jack-beck-discovery-house-bible-/,
https://www.thegoodbookblog.com,/2015/apr/07/god-is-back/,
https://www.thegoodbookblog.com,/2015/apr/08/thoughts-about-dr-saucy-reflections-from-dr-tom-fi/,
https://www.thegoodbookblog.com,/2015/apr/10/is-my-argument-for-jesus-resurrection-question-beg/,
https://www.thegoodbookblog.com,/2015/apr/13/new-claims-regarding-the-family-of-jesus-tomb/,
https://www.thegoodbookblog.com,/2015/apr/14/pauls-4th-missionary-journey-and-i-dont-mean-his-t/,
https://www.thegoodbookblog.com,/2015/apr/16/grieving/,
https://www.thegoodbookblog.com,/2015/apr/17/somebody-stop-me/,
https://www.thegoodbookblog.com,/2015/apr/20/que-significa-seguir-a-cristo-who-is-a-follower-of/,
https://www.thegoodbookblog.com,/2015/apr/21/helping-your-teens-help-themselves/,
https://www.thegoodbookblog.com,/2015/apr/23/an-unlikely-convert/,
https://www.thegoodbookblog.com,/2015/apr/24/what-dying-for-our-sins-means/,
https://www.thegoodbookblog.com,/2015/apr/27/recent-critiques-of-philosophical-naturalism/,
https://www.thegoodbookblog.com,/2015/apr/29/gods-super-apostles-an-interview-with-doug-geivett/,
https://www.thegoodbookblog.com,/2015/may/01/incarnation-and-theodicy/,
https://www.thegoodbookblog.com,/2015/may/04/honor-your-parents-spiritual-formation-assignment-/,
https://www.thegoodbookblog.com,/2015/may/06/wisdom-for-the-world-of-work/,
https://www.thegoodbookblog.com,/2015/may/08/should-christians-accept-intelligent-design/,
https://www.thegoodbookblog.com,/2015/may/11/lecciones-de-un-estorbante/,
https://www.thegoodbookblog.com,/2015/may/13/i-am-the-very-model-of-a-doctor-of-new-testament/,
https://www.thegoodbookblog.com,/2015/may/15/why-christianity-rather-than-judaism-or-islam/,
https://www.thegoodbookblog.com,/2015/may/19/the-peril-of-moral-performance/,
https://www.thegoodbookblog.com,/2015/may/22/grim-reaper-paradox/,
https://www.thegoodbookblog.com,/2015/may/27/a-divine-appointment/,
https://www.thegoodbookblog.com,/2015/may/28/the-emotions-of-jesus-part-1-the-age-of-feeling/,
https://www.thegoodbookblog.com,/2015/may/29/the-reliability-of-the-gospels/,
https://www.thegoodbookblog.com,/2015/jun/01/los-hombres-y-padres-cristianos-necesitan-mas-anim/,
https://www.thegoodbookblog.com,/2015/jun/03/the-emotions-of-jesus-part-2-outrage/,
https://www.thegoodbookblog.com,/2015/jun/05/why-cant-god-be-just-the-greatest-being/,
https://www.thegoodbookblog.com,/2015/jun/08/the-transfiguration-is-amazing-but-what-can-we-lea/,
https://www.thegoodbookblog.com,/2015/jun/10/justin-martyr-the-first-great-apologist-of-the-chr/,
https://www.thegoodbookblog.com,/2015/jun/12/is-fine-tuning-question-begging/,
https://www.thegoodbookblog.com,/2015/jun/15/the-emotions-of-jesus-part-3-compassion/,
https://www.thegoodbookblog.com,/2015/jun/17/who-is-the-best-biographerand-who-isnt-aw-tozer-we/,
https://www.thegoodbookblog.com,/2015/jun/19/work-and-worship/,
https://www.thegoodbookblog.com,/2015/jun/22/crossing-the-heath-with-william-paley-1743-1805/,
https://www.thegoodbookblog.com,/2015/jun/24/the-emotions-of-jesus-part-4-joy/,
https://www.thegoodbookblog.com,/2015/jun/26/dealing-with-physical-ailment/,
https://www.thegoodbookblog.com,/2015/jun/29/church-discipline-spiritual-formation-assignment-7/,
https://www.thegoodbookblog.com,/2015/jun/30/the-dead-sea-scrolls-in-los-angeles/,
https://www.thegoodbookblog.com,/2015/jul/01/william-beauchampon-the-urgency-of-christian-apolo/,
https://www.thegoodbookblog.com,/2015/jul/02/en-lo-esencial-unidad-en-lo-dudoso-libertad-en-tod/,
https://www.thegoodbookblog.com,/2015/jul/03/subordination-of-god-the-son-to-the-father/,
https://www.thegoodbookblog.com,/2015/jul/06/melanchthons-message-understanding-christian-fello/,
https://www.thegoodbookblog.com,/2015/jul/08/the-emotions-of-jesus-part-5-authenticity/,
https://www.thegoodbookblog.com,/2015/jul/10/questions-about-body-soul-interaction/,
https://www.thegoodbookblog.com,/2015/jul/13/an-interview-with-adam-johnson-a-guide-for-the-per/,
https://www.thegoodbookblog.com,/2015/jul/14/why-translators-shouldnt-translate-walk-as-live-in/,
https://www.thegoodbookblog.com,/2015/jul/15/the-great-daneremembering-kierkegaard/,
https://www.thegoodbookblog.com,/2015/jul/17/questions-on-time-and-the-origin-of-the-universe/,
https://www.thegoodbookblog.com,/2015/jul/20/learning-from-jesus-example-about-our-emotions-and/,
https://www.thegoodbookblog.com,/2015/jul/21/advances-in-the-study-of-greek/,
https://www.thegoodbookblog.com,/2015/jul/22/w-h-griffith-thomas-1861-1924-how-we-got-our-bible/,
https://www.thegoodbookblog.com,/2015/jul/23/questions-over-breakfast-1-is-a-relationship-with-/,
https://www.thegoodbookblog.com,/2015/jul/24/supreme-courts-re-definition-of-marriage/,
https://www.thegoodbookblog.com,/2015/jul/27/teaching-naked-in-the-church-idea-2/,
https://www.thegoodbookblog.com,/2015/jul/28/questions-over-breakfast-2-is-it-easy-or-hard-to-b/,
https://www.thegoodbookblog.com,/2015/jul/29/arnold-lunn-1888-1974-skiing-expert-agnostic-and-c/,
https://www.thegoodbookblog.com,/2015/jul/30/questions-over-breakfast-3-let-go-and-let-god-or-t/,
https://www.thegoodbookblog.com,/2015/jul/31/lessons-from-time-and-creation/,
https://www.thegoodbookblog.com,/2015/aug/03/what-is-the-churchs-priority/,
https://www.thegoodbookblog.com,/2015/aug/04/questions-over-breakfast-4-do-you-ever-reach-what-/,
https://www.thegoodbookblog.com,/2015/aug/05/remembering-edward-john-carnellsome-reflections-of/,
https://www.thegoodbookblog.com,/2015/aug/06/questions-over-breakfast-5-is-there-such-a-thing-a/,
https://www.thegoodbookblog.com,/2015/aug/07/blind-faith/,
https://www.thegoodbookblog.com,/2015/aug/10/one-on-one-discipleship-identifying-someone-to-dis/,
https://www.thegoodbookblog.com,/2015/aug/11/questions-over-breakfast-6-do-mature-christians-st/,
https://www.thegoodbookblog.com,/2015/aug/12/la-comida-y-la-vida-espiritual-food-and-spiritual-/,
https://www.thegoodbookblog.com,/2015/aug/13/questions-over-breakfast-7-are-self-disciplined-pe/,
https://www.thegoodbookblog.com,/2015/aug/14/intransigence-about-objective-moral-values/,
https://www.thegoodbookblog.com,/2015/aug/17/the-importance-of-meditation-for-sermon-preparatio/,
https://www.thegoodbookblog.com,/2015/aug/18/questions-over-breakfast-8-how-do-you-know-if-your/,
https://www.thegoodbookblog.com,/2015/aug/20/questions-over-breakfast-9-do-we-make-decisions-th/,
https://www.thegoodbookblog.com,/2015/aug/21/are-there-uncreated-abstract-objects/,
https://www.thegoodbookblog.com,/2015/aug/24/from-slave-to-queen-to-nun-advancing-the-kingdom-o/,
https://www.thegoodbookblog.com,/2015/aug/25/questions-over-breakfast-10-christians-in-the-worl/,
https://www.thegoodbookblog.com,/2015/aug/26/social-justice-in-amos/,
https://www.thegoodbookblog.com,/2015/aug/27/questions-over-breakfast-11-what-about-all-the-hyp/,
https://www.thegoodbookblog.com,/2015/aug/28/the-key-to-successful-debating/,
https://www.thegoodbookblog.com,/2015/aug/31/responding-to-objections-with-truth-and-love/,
https://www.thegoodbookblog.com,/2015/sep/01/questions-over-breakfast-12-can-one-person-change-/,
https://www.thegoodbookblog.com,/2015/sep/04/questions-sparked-by-defenders-class/,
https://www.thegoodbookblog.com,/2015/sep/08/what-do-theology-and-ice-cream-have-in-common/,
https://www.thegoodbookblog.com,/2015/sep/10/sub-themes-in-the-new-testament-authors-use-of-the/,
https://www.thegoodbookblog.com,/2015/sep/11/is-gods-life-absurd/,
https://www.thegoodbookblog.com,/2015/sep/18/nominalism-and-natural-law/,
https://www.thegoodbookblog.com,/2015/sep/21/does-i-am-always-refer-to-god-in-the-gospel-of-joh/,
https://www.thegoodbookblog.com,/2015/sep/23/new-commentary-on-philippians/,
https://www.thegoodbookblog.com,/2015/sep/24/prince-of-peacejesus-or-pope-francis/,
https://www.thegoodbookblog.com,/2015/sep/25/disobeying-the-supreme-court/,
https://www.thegoodbookblog.com,/2015/sep/28/observations-on-ministry-basics/,
https://www.thegoodbookblog.com,/2015/sep/30/metaphors-revealing-the-holy-spirit-part-1/,
https://www.thegoodbookblog.com,/2015/oct/01/teaching-naked-in-the-church-idea-3/,
https://www.thegoodbookblog.com,/2015/oct/01/did-the-apostle-paul-use-profanity/,
https://www.thegoodbookblog.com,/2015/oct/02/christian-pessimism/,
https://www.thegoodbookblog.com,/2015/oct/05/ruth-as-a-wisdom-story/,
https://www.thegoodbookblog.com,/2015/oct/06/a-pesar-de-las-malas-noticias-podemos-orar-y-ayuda/,
https://www.thegoodbookblog.com,/2015/oct/07/character-formation-in-online-education-an-intervi/,
https://www.thegoodbookblog.com,/2015/oct/09/reservations-about-the-ontological-argument/,
https://www.thegoodbookblog.com,/2015/oct/12/that-indispensable-hebrew/,
https://www.thegoodbookblog.com,/2015/oct/14/yhwh-fights-for-them-an-interview-with-charlie-tri/,
https://www.thegoodbookblog.com,/2015/oct/16/must-a-darwinian-be-a-non-christian/,
https://www.thegoodbookblog.com,/2015/oct/19/dont-lose-faith/,
https://www.thegoodbookblog.com,/2015/oct/21/a-biblical-vision-for-discipleship/,
https://www.thegoodbookblog.com,/2015/oct/23/the-passage-of-time/,
https://www.thegoodbookblog.com,/2015/oct/26/that-crispy-part-of-your-bible/,
https://www.thegoodbookblog.com,/2015/oct/28/la-creacion-maravillosa-de-dios-the-wondeful-creat/,
https://www.thegoodbookblog.com,/2015/oct/29/whats-new-in-the-old-testament-and-semitics-depart/,
https://www.thegoodbookblog.com,/2015/oct/30/what-about-the-sincere-seeker/,
https://www.thegoodbookblog.com,/2015/oct/31/joes-glory-story/,
https://www.thegoodbookblog.com,/2015/nov/02/what-did-the-new-testament-authors-really-care-abo/,
https://www.thegoodbookblog.com,/2015/nov/04/the-cool-factor/,
https://www.thegoodbookblog.com,/2015/nov/06/moral-responsibility-and-emotional-rejection-of-go/,
https://www.thegoodbookblog.com,/2015/nov/09/why-classical-christian-educators-should-teach-gre/,
https://www.thegoodbookblog.com,/2015/nov/10/2015-biolatalbot-speakers-at-the-annual-scholarly-/,
https://www.thegoodbookblog.com,/2015/nov/11/is-suitable-helper-a-suitable-translation/,
https://www.thegoodbookblog.com,/2015/nov/13/was-christ-a-contingent-being/,
https://www.thegoodbookblog.com,/2015/nov/16/walking-with-jesus-in-the-midst-of-lifes-relentles/,
https://www.thegoodbookblog.com,/2015/nov/18/metaphors-revealing-the-holy-spirit-part-two-the-w/,
https://www.thegoodbookblog.com,/2015/nov/20/omnipotence-and-the-ability-to-do-evil/,
https://www.thegoodbookblog.com,/2015/nov/23/animo-cheer-up/,
https://www.thegoodbookblog.com,/2015/nov/24/value-based-spending/,
https://www.thegoodbookblog.com,/2015/nov/26/together-with-them-hebrews-133/,
https://www.thegoodbookblog.com,/2015/nov/27/questions-from-a-muslim-about-the-trinity/,
https://www.thegoodbookblog.com,/2015/nov/30/can-you-identify-the-biblical-allusions-check-your/,
https://www.thegoodbookblog.com,/2015/dec/02/the-dean-and-his-son-co-author-a-book-on-the-basic/,
https://www.thegoodbookblog.com,/2015/dec/03/gene-editing-and-designer-children/,
https://www.thegoodbookblog.com,/2015/dec/04/are-we-justified-in-believing-in-objective-moral-v/,
https://www.thegoodbookblog.com,/2015/dec/07/was-peter-crucified-upside-down/,
https://www.thegoodbookblog.com,/2015/dec/08/what-good-are-thoughts-and-prayers-after-a-mass-sh/,
https://www.thegoodbookblog.com,/2015/dec/09/one-way-to-pray-about-the-isis-crisis-in-the-middl/,
https://www.thegoodbookblog.com,/2015/dec/11/consequentialism-and-the-problem-of-evil/,
https://www.thegoodbookblog.com,/2015/dec/12/open-what-god-wraps-post-christmas-reflections-on-/,
https://www.thegoodbookblog.com,/2015/dec/14/curious-what-the-bible-says-about-gender-get-this-/,
https://www.thegoodbookblog.com,/2015/dec/15/how-much-money-should-you-spend-on-christmas-gifts/,
https://www.thegoodbookblog.com,/2015/dec/17/the-shepherds-of-christmas/,
https://www.thegoodbookblog.com,/2015/dec/18/does-the-b-theory-of-time-exclude-human-freedom/,
https://www.thegoodbookblog.com,/2015/dec/21/the-theology-of-the-cross-in-personal-life/,
https://www.thegoodbookblog.com,/2015/dec/23/baby-jesus/,
https://www.thegoodbookblog.com,/2015/dec/25/should-parents-let-their-children-believe-in-santa/,
https://www.thegoodbookblog.com,/2015/dec/28/was-joseph-smith-a-martyr/,
https://www.thegoodbookblog.com,/2015/dec/30/this-was-the-year-the-adults-gave-up/,
https://www.thegoodbookblog.com,/2016/jan/01/why-is-god-to-be-praised/,
https://www.thegoodbookblog.com,/2016/jan/04/were-the-apostles-willing-to-die-for-a-misguided-f/,
https://www.thegoodbookblog.com,/2016/jan/06/citizenship-and-politics/,
https://www.thegoodbookblog.com,/2016/jan/08/does-the-vastness-of-the-universe-support-naturali/,
https://www.thegoodbookblog.com,/2016/jan/11/hidden-sins-part-two/,
https://www.thegoodbookblog.com,/2016/jan/13/was-paul-beheaded-in-rome/,
https://www.thegoodbookblog.com,/2016/jan/15/scriptural-inerrancy-and-the-apologetic-task/,
https://www.thegoodbookblog.com,/2016/jan/18/grace-grace-gods-grace/,
https://www.thegoodbookblog.com,/2016/jan/20/do-the-apostles-of-jesus-qualify-as-martyrs/,
https://www.thegoodbookblog.com,/2016/jan/22/language-and-objective-truth/,
https://www.thegoodbookblog.com,/2016/jan/25/do-the-deaths-of-the-apostles-prove-anything/,
https://www.thegoodbookblog.com,/2016/jan/27/did-the-apostles-have-a-resurrection-faith/,
https://www.thegoodbookblog.com,/2016/jan/29/does-god-love-evil-doers/,
https://www.thegoodbookblog.com,/2016/feb/01/cynicism-and-affirmation/,
https://www.thegoodbookblog.com,/2016/feb/03/la-santidad-de-la-vida-sanctity-of-life/,
https://www.thegoodbookblog.com,/2016/feb/05/dawkins-on-the-non-random-nature-of-evolution/,
https://www.thegoodbookblog.com,/2016/feb/08/blood-brothers/,
https://www.thegoodbookblog.com,/2016/feb/10/getting-to-know-my-body-five-good-reasons-to-flee-/,
https://www.thegoodbookblog.com,/2016/feb/12/necessary-but-dependent-beings/,
https://www.thegoodbookblog.com,/2016/feb/15/character-formation-in-online-education-heart-soul/,
https://www.thegoodbookblog.com,/2016/feb/17/ministering-to-the-mentally-ill/,
https://www.thegoodbookblog.com,/2016/feb/19/do-muslims-and-christians-worship-the-same-god/,
https://www.thegoodbookblog.com,/2016/feb/22/character-formation-in-online-education-discussion/,
https://www.thegoodbookblog.com,/2016/feb/24/did-james-the-brother-of-jesus-die-as-a-martyr/,
https://www.thegoodbookblog.com,/2016/feb/24/review-of-risen/,
https://www.thegoodbookblog.com,/2016/feb/26/questions-about-god-and-abstract-objects/,
https://www.thegoodbookblog.com,/2016/feb/29/character-formation-in-online-education-video-conf/,
https://www.thegoodbookblog.com,/2016/mar/01/reflect-on-your-life/,
https://www.thegoodbookblog.com,/2016/mar/02/reflections-about-money-and-contentment/,
https://www.thegoodbookblog.com,/2016/mar/03/does-the-world-need-a-theocracy/,
https://www.thegoodbookblog.com,/2016/mar/04/do-theistic-arguments-prove-god/,
https://www.thegoodbookblog.com,/2016/mar/07/if-we-ask-according-to-his-will-it-will-happen-but/,
https://www.thegoodbookblog.com,/2016/mar/09/an-insight-about-praying-in-faith/,
https://www.thegoodbookblog.com,/2016/mar/10/how-do-you-motivate-people-to-care-about-apologeti/,
https://www.thegoodbookblog.com,/2016/mar/11/gravitational-waves-detected/,
https://www.thegoodbookblog.com,/2016/mar/14/when-the-old-testament-was-more-popular-than-the-n/,
https://www.thegoodbookblog.com,/2016/mar/16/god-and-the-future/,
https://www.thegoodbookblog.com,/2016/mar/17/neither-complementarian-nor-egalitarian-an-intervi/,
https://www.thegoodbookblog.com,/2016/mar/18/struggling-with-the-ontological-argument/,
https://www.thegoodbookblog.com,/2016/mar/21/reflections-on-tolkiens-lord-of-the-rings-part-one/,
https://www.thegoodbookblog.com,/2016/mar/23/the-culture-of-complaint-moving-from-complaining-t/,
https://www.thegoodbookblog.com,/2016/mar/24/can-i-get-a-witness/,
https://www.thegoodbookblog.com,/2016/mar/25/why-does-god-exist/,
https://www.thegoodbookblog.com,/2016/mar/26/the-resurrection-answers-three-big-questions/,
https://www.thegoodbookblog.com,/2016/mar/28/metaphors-revealing-the-holy-spirit-part-3-oil-as-/,
https://www.thegoodbookblog.com,/2016/mar/30/why-our-storytelling-nature-provides-evidence-for-/,
https://www.thegoodbookblog.com,/2016/apr/01/presentism-and-past-existence/,
https://www.thegoodbookblog.com,/2016/apr/04/la-vida-es-un-regalo-divino-life-is-a-divine-gift/,
https://www.thegoodbookblog.com,/2016/apr/05/thoughts-on-spring-break-missions-trips-do-they-he/,
https://www.thegoodbookblog.com,/2016/apr/06/how-do-we-help-students-resist-our-pornified-cultu/,
https://www.thegoodbookblog.com,/2016/apr/07/how-do-we-help-students-resist-our-pornified-cultu/,
https://www.thegoodbookblog.com,/2016/apr/08/is-the-universe-a-necessary-being/,
https://www.thegoodbookblog.com,/2016/apr/09/grieving-the-loss-of-a-loved-one-who-was-mentally-/,
https://www.thegoodbookblog.com,/2016/apr/11/why-evolution-is-not-just-a-theory/,
https://www.thegoodbookblog.com,/2016/apr/12/does-god-want-me-to-be-happy/,
https://www.thegoodbookblog.com,/2016/apr/13/spirit-intended-applications/,
https://www.thegoodbookblog.com,/2016/apr/14/more-than-a-carpenter/,
https://www.thegoodbookblog.com,/2016/apr/15/properly-understanding-properly-basic-beliefs/,
https://www.thegoodbookblog.com,/2016/apr/18/new-book-provides-short-answers-to-big-questions-a/,
https://www.thegoodbookblog.com,/2016/apr/19/why-were-some-books-left-out-of-the-bible/,
https://www.thegoodbookblog.com,/2016/apr/20/worshiping-at-work/,
https://www.thegoodbookblog.com,/2016/apr/21/going-on-retreat-the-role-of-good-intentions-in-sp/,
https://www.thegoodbookblog.com,/2016/apr/22/deductive-arguments-and-probability/,
https://www.thegoodbookblog.com,/2016/apr/25/what-does-jerusalem-have-to-do-with-washington-dc-/,
https://www.thegoodbookblog.com,/2016/apr/26/what-can-we-learn-about-parenting-from-pauls-comme/,
https://www.thegoodbookblog.com,/2016/apr/27/does-the-church-have-a-plausibility-problem/,
https://www.thegoodbookblog.com,/2016/apr/28/misinterpreting-the-thief-john-1010/,
https://www.thegoodbookblog.com,/2016/apr/29/is-the-universe-an-object-and-does-it-matter/,
https://www.thegoodbookblog.com,/2016/may/02/gods-response-to-evil/,
https://www.thegoodbookblog.com,/2016/may/02/the-worldview-behind-the-jungle-book-movie/,
https://www.thegoodbookblog.com,/2016/may/03/reflections-on-tolkiens-lord-of-the-rings-part-two/,
https://www.thegoodbookblog.com,/2016/may/04/la-envidia-envy/,
https://www.thegoodbookblog.com,/2016/may/05/how-do-we-truly-help-those-in-need/,
https://www.thegoodbookblog.com,/2016/may/05/what-does-a-swastika-mean-to-me/,
https://www.thegoodbookblog.com,/2016/may/06/resurrection-appearances-in-the-longer-ending-of-m/,
https://www.thegoodbookblog.com,/2016/may/07/gracias-mama/,
https://www.thegoodbookblog.com,/2016/may/09/what-does-it-mean-to-be-a-disciple-and-to-disciple/,
https://www.thegoodbookblog.com,/2016/may/10/counter-cultural-research/,
https://www.thegoodbookblog.com,/2016/may/11/5-tips-for-young-apologists/,
https://www.thegoodbookblog.com,/2016/may/12/jc-ryle-on-christ-as-divine-and-human/,
https://www.thegoodbookblog.com,/2016/may/13/problems-with-paul/,
https://www.thegoodbookblog.com,/2016/may/16/what-is-theology/,
https://www.thegoodbookblog.com,/2016/may/18/theological-anthropology/,
https://www.thegoodbookblog.com,/2016/may/20/gods-love-and-justice-in-contradiction/,
https://www.thegoodbookblog.com,/2016/may/23/should-experience-trump-scripture/,
https://www.thegoodbookblog.com,/2016/may/25/life-speed/,
https://www.thegoodbookblog.com,/2016/may/27/philosophical-challenges-in-the-doctrine-of-the-at/,
https://www.thegoodbookblog.com,/2016/may/30/did-the-apostle-thomas-minister-in-india/,
https://www.thegoodbookblog.com,/2016/jun/01/did-the-apostle-thomas-die-as-a-martyr/,
https://www.thegoodbookblog.com,/2016/jun/03/choosing-a-church/,
https://www.thegoodbookblog.com,/2016/jun/06/praying-for-those-who-preach-teach-and-lead-bible-/,
https://www.thegoodbookblog.com,/2016/jun/07/morbid-curiosity/,
https://www.thegoodbookblog.com,/2016/jun/08/how-do-we-help-kids-who-have-left-the-faith/,
https://www.thegoodbookblog.com,/2016/jun/10/animal-consciousness-once-more/,
https://www.thegoodbookblog.com,/2016/jun/13/engaging-in-gospel-focused-competition/,
https://www.thegoodbookblog.com,/2016/jun/15/top-ten-verses-to-defend-your-faith/,
https://www.thegoodbookblog.com,/2016/jun/17/divine-psychology/,
https://www.thegoodbookblog.com,/2016/jun/20/underutilized-resources/,
https://www.thegoodbookblog.com,/2016/jun/21/a-quote-from-oswald-chambers-in-sandie-weavers-off/,
https://www.thegoodbookblog.com,/2016/jun/22/what-are-the-top-academic-books-on-the-bible-and-h/,
https://www.thegoodbookblog.com,/2016/jun/24/what-did-jesus-suffer/,
https://www.thegoodbookblog.com,/2016/jun/27/the-long-defeat-and-an-unfinished-sequel-to-the-lo/,
https://www.thegoodbookblog.com,/2016/jun/28/a-different-kind-of-love-song/,
https://www.thegoodbookblog.com,/2016/jun/28/the-brits-brexit/,
https://www.thegoodbookblog.com,/2016/jun/29/how-do-you-minister-to-second-generation-christian/,
https://www.thegoodbookblog.com,/2016/jul/04/should-a-church-sing-american-patriotic-songs-duri/,
https://www.thegoodbookblog.com,/2016/jul/06/what-are-the-top-books-to-give-a-non-christian/,
https://www.thegoodbookblog.com,/2016/jul/08/lo-tragico-del-racismo-y-la-gracia-del-principe-de/,
https://www.thegoodbookblog.com,/2016/jul/08/much-more-ado-about-nothing/,
https://www.thegoodbookblog.com,/2016/jul/11/triggers-for-change-in-economics-and-sanctificatio/,
https://www.thegoodbookblog.com,/2016/jul/13/are-christians-in-a-culture-war-interview-with-jos/,
https://www.thegoodbookblog.com,/2016/jul/15/what-does-it-mean-to-say-god-is-a-soul/,
https://www.thegoodbookblog.com,/2016/jul/18/the-call-to-love-thy-neighbor-promoting-true-human/,
https://www.thegoodbookblog.com,/2016/jul/20/jp-moreland-answers-three-important-questions/,
https://www.thegoodbookblog.com,/2016/jul/22/should-we-think-of-christs-death-in-juridical-term/,
https://www.thegoodbookblog.com,/2016/jul/27/5-myths-about-teaching-apologetics-to-students/,
https://www.thegoodbookblog.com,/2016/jul/28/pokemon-go-and-jesus/,
https://www.thegoodbookblog.com,/2016/jul/29/gratuitous-evil-and-the-burden-of-proof/,
https://www.thegoodbookblog.com,/2016/aug/03/what-are-the-best-apologetics-resources-for-studen/,
https://www.thegoodbookblog.com,/2016/aug/10/epic-failure-my-biggest-evangelism-mistake/,
https://www.thegoodbookblog.com,/2016/aug/17/a-review-of-the-enduring-authority-of-the-christia/,
https://www.thegoodbookblog.com,/2016/aug/18/5-misconceptions-about-the-bible/,
https://www.thegoodbookblog.com,/2016/aug/19/limited-atonement/,
https://www.thegoodbookblog.com,/2016/aug/22/7-reasons-you-might-be-struggling-to-love-muslims/,
https://www.thegoodbookblog.com,/2016/aug/24/todos-somos-pobres/,
https://www.thegoodbookblog.com,/2016/aug/26/could-god-be-amoral/,
https://www.thegoodbookblog.com,/2016/sep/02/is-mercy-an-essential-property-of-god/,
https://www.thegoodbookblog.com,/2016/sep/08/is-the-bible-clear/,
https://www.thegoodbookblog.com,/2016/sep/09/how-do-i-interpret-general-relativity-theory/,
https://www.thegoodbookblog.com,/2016/sep/16/guidance-and-gods-plan/,
https://www.thegoodbookblog.com,/2016/sep/19/desire-to-sin-decreases-when-you-walk-in-the-spiri/,
https://www.thegoodbookblog.com,/2016/sep/23/are-souls-dependent-on-god/,
https://www.thegoodbookblog.com,/2016/sep/26/ruth-in-the-days-of-the-judges/,
https://www.thegoodbookblog.com,/2016/sep/27/what-are-the-toughest-ethical-issue-facing-christi/,
https://www.thegoodbookblog.com,/2016/sep/29/how-do-you-develop-a-public-speaking-ministry/,
https://www.thegoodbookblog.com,/2016/oct/04/a-turkic-world-connection-in-the-chronicles-of-nar/,
https://www.thegoodbookblog.com,/2016/oct/06/allah-or-jesus-is-god-one-an-interview-with-nabeel/,
https://www.thegoodbookblog.com,/2016/oct/11/talbot-impacting-slavic-scholarship/,
https://www.thegoodbookblog.com,/2016/oct/13/how-did-christianity-prevail-in-ancient-rome-and-w/,
https://www.thegoodbookblog.com,/2016/oct/25/sexual-morality-in-a-christless-world/,
https://www.thegoodbookblog.com,/2016/oct/31/is-satan-real/,
https://www.thegoodbookblog.com,/2016/nov/02/why-we-should-stop-using-the-message/,
https://www.thegoodbookblog.com,/2016/nov/03/biola-and-talbot-professors-and-students-speak-at-/,
https://www.thegoodbookblog.com,/2016/nov/07/dar-gracias-en-todo/,
https://www.thegoodbookblog.com,/2016/nov/09/a-few-thoughts-on-the-hatmaker-position-on-lgbtq/,
https://www.thegoodbookblog.com,/2016/nov/21/what-are-the-best-questions-for-meaningful-spiritu/,
https://www.thegoodbookblog.com,/2016/nov/24/ode-to-my-father/,
https://www.thegoodbookblog.com,/2016/nov/28/an-explanation-of-advent-candles/,
https://www.thegoodbookblog.com,/2016/nov/28/ode-to-my-father-korean/,
https://www.thegoodbookblog.com,/2016/nov/29/conscience-what-it-is-how-to-train-it-and-loving-t/,
https://www.thegoodbookblog.com,/2016/nov/29/problem-passages-in-the-message/,
https://www.thegoodbookblog.com,/2016/nov/30/with-endless-information-can-we-know-anything-at-a/,
https://www.thegoodbookblog.com,/2016/dec/02/9-important-insights-about-generation-z/,
https://www.thegoodbookblog.com,/2016/dec/07/truth-is-a-person-not-simply-an-idea/,
https://www.thegoodbookblog.com,/2016/dec/09/the-six-rs-of-prayer/,
https://www.thegoodbookblog.com,/2016/dec/14/dios-se-hizo-hombre-god-became-a-human-being/,
https://www.thegoodbookblog.com,/2016/dec/16/is-god-a-respecter-of-businesses-yes-no-and-yes/,
https://www.thegoodbookblog.com,/2016/dec/19/el-fervor-de-los-cristianos-en-cuba-the-christian-/,
https://www.thegoodbookblog.com,/2016/dec/20/5-reasons-you-should-get-apologetics-training/,
https://www.thegoodbookblog.com,/2016/dec/21/christian-millennials-and-the-lure-of-socialism-pa/,
https://www.thegoodbookblog.com,/2016/dec/21/how-passengers-subverts-the-sexual-revolution/,
https://www.thegoodbookblog.com,/2016/dec/23/wlc-qa/,
https://www.thegoodbookblog.com,/2016/dec/24/human-identity-authenticity-and-christmas/,
https://www.thegoodbookblog.com,/2016/dec/26/christian-millennials-and-the-lure-of-socialism-pa/,
https://www.thegoodbookblog.com,/2016/dec/28/three-theses-about-regeneration-part-one/,
https://www.thegoodbookblog.com,/2016/dec/30/wlc-qa/,
https://www.thegoodbookblog.com,/2017/jan/02/three-theses-about-regeneration-part-two/,
https://www.thegoodbookblog.com,/2017/jan/03/why-do-we-sing-in-our-worship-service/,
https://www.thegoodbookblog.com,/2017/jan/04/three-theses-about-regeneration-part-three/,
https://www.thegoodbookblog.com,/2017/jan/05/top-10-apologetics-tips-of-2016/,
https://www.thegoodbookblog.com,/2017/jan/06/wlc-qa/,
https://www.thegoodbookblog.com,/2017/jan/09/poverty-here-there-everywhere/,
https://www.thegoodbookblog.com,/2017/jan/11/do-we-really-live-in-a-post-truth-world/,
https://www.thegoodbookblog.com,/2017/jan/13/wlc-qa/,
https://www.thegoodbookblog.com,/2017/jan/16/digital-resources-from-biola-professors/,
https://www.thegoodbookblog.com,/2017/jan/17/how-to-love-your-wife-when-youre-not-with-her-10-w/,
https://www.thegoodbookblog.com,/2017/jan/18/working-the-story-theology-of-work-meets-eschatolo/,
https://www.thegoodbookblog.com,/2017/jan/19/the-story-of-reality-apologist-greg-koukl-discusse/,
https://www.thegoodbookblog.com,/2017/jan/20/wlc-qa/,
https://www.thegoodbookblog.com,/2017/jan/23/what-is-the-best-evidence-for-intelligent-design-i/,
https://www.thegoodbookblog.com,/2017/jan/24/the-marvel-of-acton-university/,
https://www.thegoodbookblog.com,/2017/jan/25/a-chance-encounter-with-the-miraculous/,
https://www.thegoodbookblog.com,/2017/jan/26/letters-from-the-pillar-apostles-an-interview-with/,
https://www.thegoodbookblog.com,/2017/jan/27/wlc-qa/,
https://www.thegoodbookblog.com,/2017/jan/30/whatever-you-do-stewardship-and-the-purpose-of-lif/,
https://www.thegoodbookblog.com,/2017/feb/01/guidance-by-the-holy-spirit/,
https://www.thegoodbookblog.com,/2017/feb/02/has-the-church-sought-out-demonic-power-to-further/,
https://www.thegoodbookblog.com,/2017/feb/03/wlc-qa/,
https://www.thegoodbookblog.com,/2017/feb/06/how-to-kill-an-intercessory-prayer-meeting/,
https://www.thegoodbookblog.com,/2017/feb/07/building-board-unity/,
https://www.thegoodbookblog.com,/2017/feb/08/parable-of-the-trees/,
https://www.thegoodbookblog.com,/2017/feb/09/confesiones-de-un-inmigrante-confessions-of-an-imm/,
https://www.thegoodbookblog.com,/2017/feb/10/wlc-qa/,
https://www.thegoodbookblog.com,/2017/feb/13/confessions-of-an-immigrant/,
https://www.thegoodbookblog.com,/2017/feb/14/reimagining-work/,
https://www.thegoodbookblog.com,/2017/feb/15/are-questions-better-than-answers-no-question-abou/,
https://www.thegoodbookblog.com,/2017/feb/16/short-term-mission-trips-some-considerations/,
https://www.thegoodbookblog.com,/2017/feb/17/wlc-qa/,
https://www.thegoodbookblog.com,/2017/feb/20/doing-ministry-together-priorities-of-a-good-famil/,
https://www.thegoodbookblog.com,/2017/feb/21/does-porn-really-harm-society-an-interview-with-dr/,
https://www.thegoodbookblog.com,/2017/feb/22/the-worship-pastor/,
https://www.thegoodbookblog.com,/2017/feb/23/where-is-culture-headed-in-the-next-decade-and-bey/,
https://www.thegoodbookblog.com,/2017/feb/24/wlc-qa/,
https://www.thegoodbookblog.com,/2017/feb/27/the-executive-leaders-journey-integrating-spiritua/,
https://www.thegoodbookblog.com,/2017/mar/01/the-executive-leaders-journey-integrating-spiritua/,
https://www.thegoodbookblog.com,/2017/mar/03/wlc-qa/,
https://www.thegoodbookblog.com,/2017/mar/04/disney-introduces-a-gay-character-in-beauty-and-th/,
https://www.thegoodbookblog.com,/2017/mar/06/the-executive-leaders-journey-integrating-spiritua/,
https://www.thegoodbookblog.com,/2017/mar/08/the-executive-leaders-journey-integrating-spiritua/,
https://www.thegoodbookblog.com,/2017/mar/10/wlc-qa/,
